646,0.33669
646,0.34249
646,0.33088
516.8,0.5805
516.8,0.5863
516.8,0.57469
516.8,1.0507
516.8,1.0565
516.8,1.0449
516.8,1.5732
516.8,1.5673
516.8,1.579
602.93,2.3452
602.93,2.3684
602.93,2.3742
646,2.8038
646,2.8154
646,2.8328
473.73,3.5701
473.73,3.5643
473.73,3.5759
473.73,3.5991
473.73,3.5933
646,3.8371
646,4.3247
646,4.3305
646,4.3363
689.06,4.8239
689.06,4.8298
689.06,4.8356
430.66,5.5786
430.66,5.5728
430.66,5.5844
689.06,6.0778
689.06,6.0836
689.06,6.0894
689.06,6.1475
689.06,6.1533
689.06,6.1591
689.06,7.0937
689.06,7.0879
689.06,7.0995
689.06,7.1692
689.06,7.175
689.06,7.1808
516.8,7.8135
516.8,7.8077
516.8,7.8193
516.8,8.3592
215.33,8.5914
215.33,8.6088
258.4,8.9455
301.46,9.0558
258.4,8.9513
258.4,9.6885
258.4,9.6827
301.46,9.6827
301.46,9.8917
301.46,9.8453
258.4,9.9265
258.4,10.24
301.46,10.24
258.4,10.234
301.46,11.117
301.46,11.064
301.46,11.122
516.8,11.738
516.8,11.743
516.8,11.761
516.8,11.802
516.8,11.796
516.8,11.778
215.33,12.44
344.53,12.446
344.53,12.452
516.8,13.137
387.6,13.195
516.8,13.142
344.53,13.479
344.53,13.468
344.53,13.485
516.8,14.135
516.8,14.129
516.8,14.141
215.33,14.495
215.33,14.507
215.33,14.512
516.8,15.157
516.8,15.151
516.8,15.163
344.53,15.732
344.53,15.726
344.53,15.708
473.73,16.26
473.73,16.254
473.73,16.3
1162.8,16.869
1162.8,16.863
1162.8,16.875
1248.9,17.183
775.2,17.276
775.2,17.316
775.2,17.386
775.2,17.392
775.2,17.467
516.8,18.181
516.8,18.187
516.8,18.175
301.46,18.756
301.46,18.762
301.46,18.768
258.4,19.156
258.4,19.151
258.4,19.162
775.2,19.505
775.2,19.499
775.2,19.511
387.6,20.225
387.6,20.219
387.6,20.23
732.13,20.509
732.13,20.515
732.13,20.503
430.66,21.06
430.66,21.055
430.66,21.066
344.53,21.548
344.53,21.554
344.53,21.937
344.53,22.233
344.53,22.227
344.53,22.239
215.33,22.959
215.33,22.965
215.33,22.982
215.33,23.214
215.33,23.208
387.6,23.22
215.33,23.557
215.33,23.713
215.33,23.591
689.06,24.346
646,24.335
646,24.329
430.66,24.996
430.66,25.002
473.73,25.025
775.2,25.478
775.2,25.472
775.2,25.536
1076.7,25.606
1076.7,25.6
1076.7,25.594
301.46,26.54
301.46,26.535
301.46,26.546
1205.9,26.877
1205.9,26.883
1162.8,26.865
775.2,27.394
775.2,27.371
775.2,27.388
473.73,27.725
1119.7,27.649
473.73,27.73
689.06,28.584
689.06,28.59
689.06,28.578
689.06,28.793
689.06,28.665
689.06,28.659
1162.8,29.338
1162.8,29.333
387.6,29.28
344.53,29.785
172.27,29.71
344.53,29.791
215.33,30.534
215.33,30.54
215.33,30.505
215.33,31.068
215.33,31.074
215.33,31.08
215.33,31.364
215.33,31.312
172.27,31.312
689.06,31.846
689.06,31.945
689.06,31.852
172.27,32.316
473.73,32.641
473.73,32.647
258.4,33.164
258.4,33.158
258.4,33.146
1292,33.634
1292,33.628
1292,33.64
516.8,33.994
516.8,33.988
1033.6,33.866
646,34.609
646,34.638
646,34.627
689.06,35.062
689.06,35.056
689.06,35.068
1162.8,35.393
1162.8,35.399
1162.8,35.405
516.8,35.817
516.8,35.811
516.8,35.805
430.66,36.484
430.66,36.328
430.66,36.351
516.8,37.309
258.4,37.309
1550.4,37.303
516.8,37.32
516.8,37.314
516.8,37.326
516.8,37.849
516.8,37.843
516.8,37.854
215.33,38.679
215.33,38.673
215.33,38.661
516.8,39.294
516.8,39.288
516.8,39.3
516.8,39.816
559.86,39.48
516.8,39.811
1421.2,39.944
1421.2,40.031
1421.2,40.037
258.4,40.554
258.4,40.571
258.4,40.565
387.6,41.366
387.6,41.372
387.6,41.361
387.6,41.471
387.6,41.465
387.6,41.477
301.46,42.411
301.46,42.417
301.46,42.405
301.46,42.417
1722.7,42.899
1722.7,42.905
301.46,43.375
301.46,43.381
301.46,43.404
559.86,43.862
301.46,43.445
301.46,43.45
1076.7,43.984
1076.7,43.99
1076.7,43.979
689.06,44.925
1593.5,44.693
1593.5,44.698
301.46,45.447
301.46,45.441
1636.5,45.116
516.8,45.865
516.8,45.871
516.8,45.859
775.2,46.039
775.2,46.045
775.2,46.034
2067.2,46.573
1765.7,46.782
1765.7,46.777
1335.1,47.177
1335.1,47.171
1335.1,47.183
516.8,47.88
516.8,47.885
1550.4,47.909
473.73,48.541
473.73,48.547
473.73,48.536
473.73,48.576
516.8,48.576
473.73,48.57
215.33,49.569
258.4,49.569
473.73,49.371
602.93,49.65
602.93,49.644
602.93,49.656
602.93,50.387
602.93,50.393
602.93,50.381
861.33,50.666
861.33,50.672
1464.3,50.654
516.8,51.159
473.73,51.159
258.4,51.119
258.4,51.902
258.4,51.995
258.4,51.926
516.8,52.169
516.8,52.175
516.8,52.164
516.8,52.651
516.8,52.657
516.8,52.645
646,53.656
646,53.65
430.66,53.458
646,53.934
646,53.94
689.06,53.934
646,54.451
646,54.457
689.06,54.457
1636.5,54.77
1636.5,54.764
1636.5,54.758
1765.7,55.577
1765.7,55.583
1765.7,55.571
1722.7,55.716
559.86,55.705
559.86,55.699
1033.6,56.454
1981.1,56.268
1981.1,56.274
1679.6,57.226
1679.6,57.231
1722.7,57.231
1722.7,57.255
1722.7,57.249
1722.7,57.26
602.93,57.742
1421.2,57.87
1421.2,57.864
818.26,58.526
775.2,58.514
775.2,58.508
559.86,59.147
559.86,59.141
904.39,58.909
516.8,59.46
516.8,59.455
516.8,59.466
516.8,59.983
516.8,59.989
516.8,59.977
172.27,60.621
172.27,60.616
172.27,60.627
1636.5,61.301
1636.5,61.295
1636.5,61.306
1593.5,61.73
1636.5,61.753
516.8,61.69
646,61.87
646,61.864
646,61.875
301.46,62.793
301.46,62.822
301.46,62.798
258.4,63.315
258.4,63.147
258.4,63.309
258.4,63.495
258.4,63.512
258.4,63.518
258.4,63.89
258.4,63.872
602.93,64.041
215.33,64.639
215.33,64.633
215.33,64.731
301.46,65.091
301.46,64.993
301.46,64.987
1550.4,65.544
1550.4,65.55
1550.4,65.538
775.2,66.293
775.2,66.287
775.2,66.281
602.93,66.81
559.86,66.804
602.93,66.815
646,67.309
646,67.315
646,67.32
646,67.471
646,67.466
646,67.477
2325.6,68.122
2325.6,68.069
2368.7,68.116
516.8,68.783
516.8,68.789
516.8,68.778
516.8,68.981
516.8,68.986
516.8,68.998
516.8,69.532
516.8,69.538
516.8,69.55
387.6,70.298
775.2,70.339
387.6,70.304
646,70.85
646,70.844
646,70.972
689.06,71.425
689.06,71.43
689.06,71.419
2067.2,71.872
2067.2,71.877
2110.3,71.912
689.06,72.284
689.06,72.29
516.8,72.278
689.06,72.777
689.06,72.783
516.8,72.771
1722.7,73.404
1722.7,73.41
1722.7,73.392
1636.5,73.718
1636.5,73.863
1636.5,73.857
602.93,74.368
602.93,74.362
602.93,74.356
602.93,74.884
602.93,74.89
1464.3,74.908
646,75.575
646,75.587
646,75.593
2024.1,75.865
1981.1,75.767
2024.1,76.034
646,76.626
775.2,76.37
646,76.62
387.6,76.823
387.6,76.817
387.6,76.829
689.06,77.595
646,77.595
689.06,77.589
689.06,77.938
215.33,77.822
689.06,77.758
129.2,78.501
129.2,78.507
689.06,78.228
646,78.861
646,78.867
646,78.855
689.06,79.412
689.06,79.406
689.06,79.418
2067.2,80.091
2067.2,80.086
215.33,79.865
2067.2,80.446
2067.2,80.602
2067.2,80.44
1378.1,81.043
1378.1,81.038
516.8,80.817
689.06,81.694
689.06,81.699
689.06,81.688
602.93,82.164
602.93,82.158
689.06,81.816
602.93,82.454
602.93,82.46
602.93,82.274
1507.3,82.808
1507.3,82.814
1507.3,82.843
1162.8,83.696
1162.8,83.702
1162.8,83.691
1162.8,83.853
1162.8,83.859
1162.8,83.847
215.33,84.637
215.33,84.666
215.33,84.631
215.33,85.043
215.33,84.915
215.33,85.06
602.93,85.711
602.93,85.705
602.93,85.722
430.66,85.838
430.66,85.844
430.66,85.85
344.53,86.518
344.53,86.535
344.53,86.523
689.06,87.336
689.06,87.342
689.06,87.348
516.8,87.719
516.8,87.725
516.8,87.655
516.8,87.928
516.8,87.934
516.8,87.922
516.8,88.66
516.8,88.654
516.8,88.665
301.46,89.008
301.46,89.014
301.46,89.031
516.8,89.675
516.8,89.681
516.8,89.67
516.8,89.925
516.8,89.931
516.8,89.966
215.33,90.918
215.33,90.912
215.33,90.906
430.66,91.086
430.66,91.092
430.66,91.08
387.6,91.707
387.6,91.701
387.6,91.713
516.8,92.259
516.8,92.253
516.8,92.264
602.93,92.74
602.93,92.746
602.93,92.735
430.66,93.106
430.66,93.1
430.66,93.112
516.8,93.722
516.8,93.716
387.6,93.756
344.53,94.267
344.53,94.261
516.8,94.296
646,94.871
646,94.848
646,94.842
732.13,95.335
732.13,95.347
732.13,95.341
775.2,95.956
775.2,95.962
775.2,95.951
1076.7,96.229
1076.7,96.223
1076.7,96.235
516.8,96.787
516.8,96.781
818.26,97.059
775.2,97.367
775.2,97.373
775.2,97.379
516.8,97.779
516.8,97.785
516.8,97.773
258.4,98.162
258.4,98.168
258.4,98.203
516.8,98.876
516.8,98.882
516.8,98.871
430.66,99.439
430.66,99.434
430.66,99.445
387.6,99.782
775.2,99.852
775.2,99.846
430.66,100.29
430.66,100.27
430.66,100.23
516.8,100.78
516.8,100.77
516.8,100.79
516.8,101.55
516.8,101.55
516.8,101.54
516.8,101.79
387.6,101.86
516.8,101.8
516.8,102.42
516.8,102.43
516.8,102.42
516.8,102.78
172.27,102.97
172.27,102.97
516.8,103.4
516.8,103.5
516.8,103.4
516.8,103.75
516.8,103.75
516.8,103.82
2196.4,104.44
2196.4,104.44
2153.3,104.55
861.33,105.15
861.33,105.16
861.33,105.08
1335.1,105.76
1335.1,105.76
646,105.43
646,105.81
646,105.8
602.93,105.89
1292,106.3
516.8,106.3
258.4,106.53
1292,107.01
516.8,106.79
1292,107.01
516.8,107.78
516.8,107.79
516.8,107.78
516.8,107.99
516.8,107.98
516.8,107.82
516.8,108.77
516.8,108.77
516.8,108.76
1162.8,109.24
1162.8,109.23
1162.8,109.23
1162.8,109.4
1162.8,109.4
1162.8,109.39
559.86,109.95
559.86,109.95
559.86,109.92
516.8,110.81
1335.1,110.84
1335.1,110.83
301.46,111.16
1808.8,111.28
1808.8,111.29
516.8,111.82
516.8,111.83
516.8,111.83
516.8,111.97
172.27,112.25
516.8,111.98
301.46,112.91
301.46,112.91
301.46,112.9
301.46,112.94
1033.6,113.35
301.46,112.93
1378.1,113.49
1679.6,113.64
1378.1,113.48
602.93,114
602.93,113.99
516.8,114.42
387.6,114.92
387.6,114.87
387.6,114.89
2024.1,115.29
2024.1,115.29
2024.1,115.28
1636.5,115.53
2067.2,115.64
1636.5,115.52
1076.7,116.2
1076.7,116.19
1076.7,116.2
172.27,116.88
516.8,116.92
516.8,116.92
559.86,117.05
344.53,117.1
559.86,117.06
344.53,118.01
344.53,118
344.53,118.02
344.53,118.14
344.53,118.15
344.53,118.14
1335.1,118.69
1335.1,118.68
1335.1,118.69
301.46,119.08
301.46,119.09
301.46,119.12
818.26,119.64
818.26,119.64
818.26,119.63
689.06,120.19
689.06,120.19
689.06,120.2
689.06,120.91
689.06,120.91
689.06,120.96
1162.8,121.21
1162.8,121.2
1162.8,121.21
516.8,121.9
516.8,121.9
559.86,121.9
775.2,122.25
775.2,122.24
775.2,122.25
516.8,122.63
516.8,122.64
516.8,122.62
559.86,123.64
301.46,123.14
1076.7,123.64
990.53,123.84
990.53,123.84
990.53,123.85
689.06,124.21
689.06,124.22
646,124.2
1335.1,124.71
646,125.06
646,125.06
646,125.27
646,125.23
516.8,125.19
602.93,126.03
602.93,126.01
602.93,126.02
559.86,126.3
559.86,126.29
602.93,126.29
689.06,126.92
689.06,127.12
689.06,126.93
1335.1,127.72
1335.1,127.72
1378.1,127.73
602.93,128.2
602.93,128.21
602.93,128.2
646,128.42
689.06,128.42
689.06,128.41
129.2,128.89
129.2,128.95
129.2,128.94
344.53,129.71
344.53,129.7
344.53,129.71
215.33,130.06
215.33,130.07
215.33,130.04
344.53,130.53
344.53,130.53
344.53,130.54
602.93,131.03
1292,131.16
1292,131.16
990.53,131.73
990.53,131.72
646,131.77
689.06,132.26
689.06,132.26
646,131.9
646,132.47
646,132.46
646,132.48
602.93,133
602.93,133
602.93,133.01
775.2,133.72
775.2,133.73
775.2,133.68
775.2,134.07
775.2,134.07
775.2,134.06
1162.8,134.55
1162.8,134.54
1162.8,134.39
215.33,134.88
215.33,134.88
215.33,134.9
1507.3,135.62
1507.3,135.61
1507.3,135.62
1550.4,136.06
1550.4,136.05
1550.4,136.06
0,136.48
0,136.48
0,136.57
516.8,137.31
473.73,137.29
516.8,137.29
646,137.92
646,137.9
646,137.89
646,137.97
646,137.98
646,137.95
516.8,138.54
516.8,138.54
516.8,138.53
516.8,139.02
516.8,139.02
516.8,139.01
86.133,139.56
86.133,139.6
86.133,139.58
129.2,140.43
129.2,140.35
129.2,140.36
129.2,140.56
129.2,140.57
1335.1,140.67
689.06,141.34
516.8,141.28
689.06,141.35
689.06,141.8
689.06,141.81
689.06,141.83
689.06,142.03
1765.7,142.07
1765.7,142.07
2067.2,142.54
2067.2,142.55
2067.2,142.55
1378.1,143.45
1378.1,143.45
1722.7,143.35
689.06,144.07
689.06,144.07
1722.7,143.89
689.06,144.08
689.06,144.07
689.06,144.12
602.93,144.77
602.93,144.78
602.93,144.76
602.93,145.35
602.93,145.35
602.93,145.34
689.06,145.9
689.06,145.9
689.06,145.89
516.8,146.57
516.8,146.58
646,146.14
344.53,146.63
344.53,146.65
129.2,146.73
516.8,147.3
516.8,147.31
516.8,147.3
646,148.07
646,148.06
646,148.07
344.53,148.24
86.133,148.45
86.133,148.46
344.53,148.89
387.6,148.89
86.133,148.71
689.06,149.37
689.06,149.38
646,149.38
689.06,149.85
689.06,149.86
689.06,149.86
344.53,150.68
344.53,150.58
344.53,150.58
344.53,150.9
344.53,150.91
344.53,150.89
1722.7,151.44
1722.7,151.43
1722.7,151.42
689.06,152.15
689.06,152.15
689.06,152.16
602.93,152.67
602.93,152.68
602.93,152.67
602.93,152.76
602.93,152.81
602.93,152.82
775.2,153.42
775.2,153.43
775.2,153.47
689.06,153.95
689.06,153.94
689.06,153.95
646,154.64
646,154.64
646,154.63
516.8,155.12
129.2,154.87
129.2,155
602.93,155.39
602.93,155.39
602.93,155.41
646,155.9
646,155.9
646,155.91
1335.1,156.71
1335.1,156.71
1335.1,156.7
1335.1,156.86
1335.1,156.87
646,156.89
689.06,157.87
689.06,157.42
1335.1,157.62
689.06,157.88
689.06,157.89
689.06,157.88
689.06,158.63
473.73,158.62
344.53,158.7
344.53,158.93
344.53,158.94
344.53,158.95
1378.1,159.54
1378.1,159.54
1378.1,159.53
689.06,160.19
646,160.18
689.06,160.18
602.93,160.78
602.93,160.79
602.93,160.8
602.93,160.93
602.93,160.94
602.93,160.94
301.46,161.45
215.33,161.94
215.33,161.93
602.93,162.22
602.93,162.21
602.93,162.23
215.33,162.71
215.33,162.7
215.33,162.71
689.06,163.48
1679.6,163.34
689.06,163.49
1378.1,163.99
1378.1,163.98
1378.1,163.99
1421.2,164.36
1421.2,164.37
1378.1,164.35
602.93,164.74
602.93,164.75
602.93,164.73
1162.8,165.37
1162.8,165.37
1162.8,165.38
215.33,165.54
516.8,165.95
215.33,165.61
215.33,166.28
215.33,166.3
215.33,166.31
516.8,166.96
516.8,166.97
516.8,166.96
301.46,167.56
344.53,167.56
301.46,167.55
1335.1,167.62
301.46,168.03
301.46,168.04
301.46,168.23
301.46,168.23
301.46,168.25
516.8,168.75
516.8,168.75
516.8,168.76
301.46,169.56
301.46,169.57
301.46,169.6
258.4,169.67
301.46,169.63
301.46,169.63
258.4,170.54
215.33,170.54
258.4,170.48
301.46,171.06
301.46,171.06
301.46,171.08
215.33,171.61
215.33,171.6
215.33,171.57
172.27,172.09
215.33,172.07
215.33,172.09
172.27,172.46
172.27,172.4
172.27,172.43
215.33,172.79
215.33,172.85
215.33,172.76
387.6,173.7
215.33,173.47
215.33,173.56
301.46,173.81
301.46,173.8
301.46,173.81
646,174.49
646,174.48
646,174.49
301.46,175.1
344.53,174.88
344.53,175.06
344.53,175.29
344.53,175.29
344.53,175.28
0,176.16
0,176.01
0,176.15
0,176.54
0,176.53
0,176.5
0,176.93
0,176.92
0,177.02
0,177.49
0,177.49
0,177.76
0,178.13
0,178.13
0,178.14
0,178.54
0,178.54
0,178.74
0,179.12
0,179.02
0,179.13
0,179.69
0,179.73
0,179.73
0,179.97
0,180.24
0,180.24
0,180.43
0,180.4
0,180.42
0,181.06
0,181.07
0,181.06
0,181.42
0,181.41
0,181.42
0,181.91
0,181.91
0,181.9
0,182.43
0,182.43
0,182.42
0,182.94
0,182.94
0,182.95
2411.7,183.87
5857,183.84
7019.8,183.76
172.27,183.97
172.27,183.97
172.27,183.96
86.133,184.5
86.133,184.51
86.133,184.51
172.27,185.06
129.2,185.35
86.133,185.32
86.133,185.6
86.133,185.6
129.2,185.59
172.27,186.15
172.27,186.15
129.2,186.15
86.133,186.72
86.133,186.71
86.133,186.72
172.27,187.26
215.33,187.26
172.27,187.27
86.133,187.53
129.2,187.53
129.2,187.52
172.27,188.37
172.27,188.38
215.33,188.37
86.133,188.94
86.133,188.93
86.133,188.95
172.27,189.49
172.27,189.49
215.33,189.49
86.133,189.77
86.133,189.78
86.133,189.77
732.13,190.05
732.13,190.06
129.2,190.41
172.27,190.61
129.2,190.61
172.27,190.6
86.133,191.16
86.133,191.18
86.133,191.17
86.133,192.02
86.133,192
172.27,191.72
86.133,192.1
86.133,192.11
86.133,192.1
215.33,192.84
172.27,192.85
172.27,192.84
86.133,193.4
86.133,193.4
129.2,193.43
172.27,193.96
172.27,193.96
172.27,193.97
86.133,194.53
86.133,194.23
86.133,194.22
172.27,195.07
129.2,195.08
129.2,195.07
86.133,195.62
86.133,195.62
86.133,195.61
172.27,196.16
172.27,196.17
172.27,196.16
86.133,196.44
86.133,196.44
86.133,196.45
86.133,196.73
86.133,196.73
86.133,196.72
172.27,197.25
172.27,197.26
215.33,197.25
86.133,197.81
129.2,197.8
86.133,197.83
86.133,198.64
86.133,198.64
129.2,198.64
86.133,198.91
86.133,198.92
86.133,198.93
172.27,199.47
129.2,199.47
172.27,199.46
129.2,200.08
86.133,200.02
129.2,200.07
172.27,200.57
172.27,200.58
215.33,200.57
86.133,200.85
86.133,200.86
86.133,200.85
172.27,201.67
172.27,201.66
86.133,201.41
86.133,201.94
86.133,201.94
86.133,201.93
172.27,202.78
172.27,202.77
215.33,202.77
86.133,202.82
86.133,202.84
86.133,202.83
86.133,203.35
86.133,203.36
86.133,203.35
172.27,203.91
172.27,203.91
215.33,203.91
86.133,204.5
86.133,204.5
86.133,204.48
172.27,205.04
86.133,205.32
215.33,205.04
86.133,205.86
86.133,205.86
86.133,205.59
172.27,206.13
172.27,206.12
215.33,206.12
86.133,206.41
86.133,206.41
86.133,206.42
172.27,207.24
172.27,207.25
215.33,207.24
129.2,207.86
129.2,207.85
86.133,207.84
172.27,208.36
172.27,208.37
129.2,208.36
86.133,208.94
86.133,208.94
86.133,208.93
86.133,208.96
86.133,208.95
86.133,208.97
86.133,209.77
172.27,209.48
86.133,209.77
86.133,210.31
86.133,210.31
86.133,210.32
86.133,210.85
172.27,210.57
86.133,210.84
86.133,211.06
86.133,211.05
86.133,211.03
172.27,211.67
172.27,211.68
215.33,211.67
86.133,212.26
86.133,212.25
129.2,212.31
172.27,212.81
172.27,212.8
172.27,212.81
86.133,213.37
86.133,213.37
86.133,213.4
172.27,213.92
172.27,213.91
172.27,213.93
86.133,214.19
86.133,214.2
86.133,214.46
172.27,215
172.27,215.01
172.27,214.87
86.133,215.55
86.133,215.55
86.133,215.54
172.27,216.1
215.33,216.1
215.33,216.1
172.27,216.1
172.27,216.11
215.33,216.1
86.133,216.66
86.133,216.67
86.133,216.65
172.27,217.21
129.2,217.21
86.133,217.25
86.133,217.77
129.2,217.8
129.2,217.77
86.133,218.59
129.2,218.59
172.27,218.58
129.2,218.85
86.133,218.85
172.27,218.85
172.27,219.36
86.133,219.61
172.27,219.24
86.133,219.87
172.27,219.75
86.133,219.89
86.133,220.69
86.133,220.7
172.27,220.43
86.133,220.7
129.2,220.7
129.2,220.72
172.27,221.52
172.27,221.52
215.33,221.52
86.133,222.09
86.133,222.09
86.133,222.08
172.27,222.62
172.27,222.62
215.33,222.62
86.133,223.17
86.133,223.18
86.133,222.89
172.27,223.72
172.27,223.72
129.2,223.72
86.133,224.26
86.133,224.27
86.133,224.26
86.133,224.28
86.133,224.29
86.133,224.32
172.27,224.82
215.33,224.82
86.133,225.08
86.133,225.38
86.133,225.39
43.066,225.38
172.27,225.92
172.27,225.93
172.27,225.92
86.133,226.48
86.133,226.47
129.2,226.74
172.27,227.03
86.133,227.32
172.27,227.02
86.133,227.6
86.133,227.59
43.066,227.59
172.27,228.35
172.27,228.36
86.133,228.35
86.133,228.62
86.133,228.62
86.133,228.63
172.27,229.18
172.27,229.19
215.33,229.18
86.133,229.45
86.133,229.45
86.133,229.74
172.27,230.27
172.27,230.28
172.27,230.27
86.133,230.85
86.133,230.83
86.133,230.84
172.27,231.38
172.27,231.38
215.33,231.38
86.133,231.94
86.133,231.64
86.133,231.65
86.133,231.94
86.133,231.95
86.133,231.94
172.27,232.48
129.2,232.48
215.33,232.48
86.133,233.03
86.133,233.05
86.133,233.02
86.133,233.85
86.133,233.86
172.27,233.58
86.133,234.13
86.133,234.14
86.133,234.13
172.27,234.68
172.27,234.68
215.33,234.68
172.27,235.5
86.133,235.24
86.133,235.24
172.27,235.77
172.27,235.78
129.2,235.53
129.2,236.34
86.133,236.34
129.2,236.33
172.27,236.86
172.27,236.58
172.27,236.85
86.133,237.38
86.133,237.38
129.2,237.38
172.27,237.93
172.27,237.94
172.27,237.93
86.133,238.2
86.133,238.2
86.133,238.49
172.27,239.03
215.33,239.03
172.27,239.04
86.133,239.6
86.133,239.59
129.2,239.6
86.133,239.6
129.2,239.6
86.133,239.61
86.133,240.41
172.27,240.12
86.133,240.4
86.133,240.67
86.133,240.68
86.133,240.69
172.27,241.23
172.27,241.23
172.27,241.24
86.133,241.78
86.133,241.77
86.133,241.78
86.133,242.61
172.27,242.33
86.133,242.61
86.133,242.9
86.133,242.9
86.133,242.88
172.27,243.43
172.27,243.44
172.27,243.43
86.133,243.98
86.133,243.98
86.133,243.97
172.27,244.54
129.2,244.53
172.27,244.53
86.133,244.82
86.133,244.81
86.133,244.83
172.27,245.63
172.27,245.62
172.27,245.63
86.133,246.18
86.133,246.17
86.133,246.18
172.27,246.74
172.27,246.74
215.33,246.74
86.133,247.03
86.133,247.01
129.2,247.01
86.133,247.29
86.133,247.28
129.2,247.31
172.27,247.84
172.27,247.84
215.33,247.84
86.133,248.41
129.2,248.4
86.133,248.4
86.133,248.95
129.2,248.96
129.2,248.95
86.133,249.49
86.133,249.48
86.133,249.53
172.27,250.02
129.2,250.02
86.133,250
86.133,250.53
86.133,250.53
86.133,250.54
172.27,251.1
172.27,251.11
215.33,251.1
86.133,251.39
86.133,251.38
86.133,251.39
172.27,252.2
172.27,252.19
172.27,252.2
86.133,252.75
129.2,252.77
86.133,252.76
86.133,253.27
86.133,253.27
86.133,253.26
129.2,253.84
86.133,253.81
86.133,253.81
86.133,254.33
129.2,254.33
86.133,254.33
172.27,254.6
172.27,254.59
215.33,254.59
172.27,255.41
172.27,255.42
215.33,255.41
86.133,255.67
86.133,255.68
129.2,255.7
86.133,255.95
86.133,255.97
86.133,255.96
215.33,256.51
172.27,256.51
172.27,256.51
86.133,257.06
86.133,257.06
129.2,257.06
86.133,257.6
86.133,257.6
86.133,257.61
86.133,258.14
86.133,258.14
86.133,258.18
86.133,258.65
86.133,258.66
86.133,258.65
86.133,259.17
129.2,259.21
129.2,259.22
172.27,259.74
86.133,260.02
86.133,260.01
86.133,260.3
344.53,260.32
86.133,260.29
172.27,260.84
172.27,260.84
215.33,260.84
86.133,261.4
86.133,261.4
86.133,261.41
86.133,261.94
129.2,261.93
86.133,261.93
86.133,262.45
86.133,262.46
86.133,262.34
172.27,263
172.27,262.99
129.2,263
86.133,263.49
172.27,263.24
172.27,263.24
172.27,264.07
172.27,264.08
215.33,264.07
86.133,264.35
86.133,264.35
129.2,264.35
129.2,264.67
129.2,264.67
86.133,264.63
172.27,265.17
172.27,265.17
172.27,265.16
86.133,265.73
86.133,265.73
86.133,265.72
172.27,266.28
86.133,266.56
172.27,266.27
86.133,266.83
86.133,266.84
86.133,266.84
172.27,267.37
172.27,267.38
215.33,267.37
86.133,267.95
129.2,267.94
86.133,267.94
172.27,268.47
172.27,268.47
172.27,268.48
86.133,268.75
86.133,268.76
86.133,268.77
172.27,269.58
172.27,269.58
172.27,269.59
86.133,270.14
86.133,270.14
129.2,270.16
172.27,270.68
172.27,270.68
172.27,270.69
86.133,270.95
129.2,270.95
129.2,270.95
172.27,271.77
172.27,271.76
172.27,271.77
129.2,271.8
129.2,271.8
86.133,271.85
86.133,272.34
86.133,272.34
86.133,272.35
129.2,273.15
86.133,273.15
129.2,273.15
129.2,273.47
86.133,273.44
129.2,273.47
172.27,273.98
172.27,273.99
172.27,273.98
86.133,274.55
86.133,274.55
86.133,274.56
129.2,275.35
129.2,275.34
86.133,275.09
86.133,275.64
129.2,275.65
86.133,275.65
172.27,275.89
516.8,276.24
516.8,276.24
129.2,276.68
86.133,276.65
86.133,276.67
172.27,277.22
172.27,277.22
172.27,277.21
86.133,277.77
86.133,277.5
86.133,277.51
172.27,278.32
215.33,278.31
215.33,278.32
86.133,278.88
86.133,278.87
86.133,278.88
86.133,279.41
129.2,279.41
86.133,279.42
86.133,279.95
129.2,279.95
86.133,279.96
86.133,279.96
129.2,279.96
86.133,280
86.133,280.98
86.133,280.47
86.133,280.47
86.133,280.98
86.133,280.98
86.133,280.99
86.133,281.83
86.133,281.84
129.2,281.84
86.133,282.11
129.2,282.1
86.133,282.1
172.27,282.66
172.27,282.66
215.33,282.65
86.133,283.21
86.133,283.21
86.133,283.52
86.133,283.76
86.133,283.78
129.2,283.75
86.133,284.29
129.2,284.31
129.2,284.32
86.133,284.8
86.133,284.81
86.133,284.87
172.27,285.08
172.27,285.09
86.133,285.34
172.27,285.91
172.27,285.9
215.33,285.9
86.133,286.19
86.133,286.19
86.133,286.18
172.27,287
172.27,286.99
215.33,286.99
86.133,287.56
129.2,287.56
86.133,287.56
86.133,288.11
86.133,288.1
129.2,288.11
86.133,288.63
86.133,288.62
129.2,288.63
86.133,288.66
86.133,288.66
215.33,288.76
172.27,289.41
215.33,289.41
172.27,289.41
86.133,289.67
86.133,289.67
86.133,289.66
86.133,290.5
86.133,290.5
172.27,290.23
86.133,290.78
86.133,290.78
86.133,290.79
172.27,291.32
172.27,291.32
215.33,291.32
86.133,291.87
86.133,291.89
86.133,291.87
129.2,292.7
129.2,292.7
129.2,292.71
86.133,292.95
129.2,292.95
129.2,292.96
86.133,293.48
86.133,293.48
86.133,293.47
86.133,293.98
86.133,293.97
86.133,293.98
172.27,294.55
172.27,294.55
215.33,294.54
86.133,294.83
86.133,294.82
86.133,295.08
172.27,295.62
215.33,295.62
172.27,295.63
129.2,296.22
86.133,296.16
129.2,296.22
129.2,296.72
86.133,296.73
129.2,296.72
86.133,297.03
86.133,297.02
215.33,296.98
129.2,297.52
86.133,297.54
86.133,297.52
215.33,298.06
172.27,298.06
172.27,298.06
86.133,298.39
86.133,298.37
86.133,298.38
172.27,298.88
172.27,298.88
215.33,298.88
86.133,299.44
129.2,299.46
129.2,299.46
172.27,299.98
172.27,299.98
215.33,299.98
86.133,300.53
86.133,300.55
86.133,300.54
86.133,301.08
86.133,301.08
129.2,301.08
86.133,301.52
86.133,301.51
86.133,301.52
172.27,302.14
86.133,302.14
129.2,302.14
129.2,302.68
129.2,302.68
86.133,302.64
172.27,303.21
172.27,303.21
215.33,303.21
86.133,303.47
86.133,303.48
86.133,303.47
172.27,304.29
0,304.26
0,304.27
