129.2,0.42957
129.2,0.42376
129.2,0.39474
516.8,0.94621
516.8,0.96363
516.8,0.95202
516.8,1.5499
430.66,1.4687
430.66,1.4512
516.8,1.6022
516.8,1.5906
516.8,1.5964
516.8,2.2349
516.8,2.2175
516.8,2.2291
516.8,2.8677
516.8,2.8619
516.8,2.8502
516.8,3.5352
516.8,3.5178
516.8,3.5468
516.8,3.6513
516.8,3.6455
516.8,3.6397
559.86,4.5685
559.86,4.5743
559.86,4.5627
646,4.8588
559.86,4.7137
646,4.8472
559.86,5.2129
559.86,5.1897
559.86,5.1955
344.53,6.1301
344.53,6.1243
344.53,6.1185
516.8,6.2288
516.8,6.2229
516.8,6.2171
516.8,6.9602
516.8,6.966
516.8,6.9544
516.8,7.5697
516.8,7.5639
516.8,7.5523
516.8,8.1908
516.8,8.185
516.8,8.1792
516.8,8.2141
516.8,8.2257
516.8,8.2199
516.8,8.87
516.8,8.8642
516.8,8.8526
516.8,9.5724
516.8,9.5666
516.8,9.5782
172.27,10.205
172.27,10.234
172.27,10.199
172.27,10.275
473.73,10.536
473.73,10.53
172.27,10.919
172.27,10.931
129.2,10.954
516.8,11.593
516.8,11.604
516.8,11.598
516.8,12.272
516.8,12.26
516.8,12.243
516.8,12.278
473.73,12.521
516.8,12.283
516.8,12.881
516.8,12.887
516.8,12.922
516.8,13.589
516.8,13.531
516.8,13.688
516.8,14.205
516.8,14.216
516.8,14.158
516.8,14.832
516.8,14.826
559.86,14.629
559.86,15.302
559.86,15.308
559.86,15.261
559.86,15.494
559.86,15.499
559.86,15.488
559.86,16.271
559.86,16.277
559.86,16.248
559.86,16.434
559.86,16.44
559.86,16.446
559.86,16.881
559.86,16.887
559.86,16.968
516.8,17.874
516.8,17.839
516.8,17.868
516.8,17.903
258.4,18.019
258.4,18.274
258.4,18.437
258.4,18.442
258.4,18.512
258.4,18.942
258.4,18.936
258.4,19.011
559.86,19.522
559.86,19.528
559.86,19.569
172.27,20.23
172.27,20.207
172.27,20.236
172.27,20.927
172.27,20.921
172.27,20.915
172.27,21.13
172.27,21.084
172.27,21.078
559.86,21.571
732.13,21.473
258.4,21.74
344.53,22.442
516.8,22.343
387.6,22.454
172.27,22.982
172.27,22.976
215.33,22.721
215.33,23.272
215.33,23.278
215.33,23.266
559.86,23.957
559.86,23.963
559.86,23.969
559.86,24.236
559.86,24.23
559.86,24.242
559.86,24.573
559.86,24.578
559.86,24.538
559.86,25.054
559.86,25.049
559.86,25.06
559.86,25.896
559.86,25.89
559.86,25.902
559.86,26.558
559.86,26.552
559.86,26.564
559.86,26.581
559.86,26.587
559.86,26.593
559.86,27.405
559.86,27.4
559.86,27.411
387.6,27.847
387.6,27.841
344.53,27.829
172.27,28.317
172.27,28.323
172.27,28.294
473.73,28.659
473.73,28.653
473.73,28.665
559.86,29.646
559.86,29.617
559.86,29.64
559.86,29.646
559.86,29.652
559.86,30.023
559.86,30.575
559.86,30.569
559.86,30.581
559.86,31.028
559.86,31.033
559.86,31.022
559.86,31.602
559.86,31.608
559.86,31.597
689.06,31.887
689.06,31.893
689.06,31.881
602.93,32.357
602.93,32.369
602.93,32.351
387.6,33.123
387.6,33.117
387.6,33.129
215.33,33.384
215.33,33.39
344.53,33.605
215.33,33.89
215.33,33.884
215.33,33.895
516.8,34.406
516.8,34.395
516.8,34.4
559.86,34.934
559.86,34.929
559.86,34.94
559.86,35.532
559.86,35.527
559.86,35.538
559.86,35.794
559.86,35.788
344.53,35.834
559.86,36.629
559.86,36.786
559.86,36.635
559.86,36.862
559.86,36.833
559.86,36.867
516.8,37.477
516.8,37.338
516.8,37.483
430.66,38.127
430.66,38.133
430.66,38.121
344.53,38.458
344.53,38.452
344.53,38.446
430.66,39.224
430.66,39.23
430.66,39.219
516.8,39.526
516.8,39.52
516.8,39.532
559.86,40.025
559.86,40.02
559.86,39.863
258.4,40.438
258.4,40.507
258.4,40.484
646,41.181
602.93,41.175
646,41.175
559.86,41.837
559.86,41.842
559.86,41.866
559.86,42.046
559.86,42.04
559.86,42.051
646,42.667
646,42.672
689.06,42.51
1550.4,43.143
1550.4,43.148
1550.4,43.137
301.46,43.578
301.46,43.584
301.46,43.799
301.46,44.188
301.46,44.182
301.46,44.217
646,44.489
301.46,44.855
646,44.495
1550.4,45.14
1550.4,45.145
1550.4,45.076
646,45.482
646,45.494
602.93,45.482
1550.4,46.051
1550.4,46.045
1550.4,46.057
646,46.66
689.06,46.66
689.06,46.655
775.2,47.421
172.27,47.514
775.2,47.427
215.33,47.549
172.27,47.543
172.27,47.549
129.2,48.181
129.2,48.536
129.2,48.53
129.2,48.553
129.2,48.57
129.2,48.901
129.2,49.203
129.2,49.22
129.2,49.215
129.2,49.859
129.2,49.847
129.2,49.853
86.133,50.509
86.133,50.59
86.133,50.527
86.133,50.614
86.133,50.59
86.133,50.654
86.133,51.595
86.133,51.572
86.133,51.612
86.133,51.926
86.133,51.902
86.133,51.885
86.133,52.634
86.133,52.344
86.133,52.303
86.133,52.907
86.133,52.93
86.133,52.924
129.2,53.568
129.2,53.551
129.2,53.586
129.2,53.882
129.2,53.864
129.2,53.847
129.2,54.236
129.2,54.253
129.2,54.219
129.2,54.875
129.2,54.846
129.2,54.84
129.2,55.513
430.66,55.525
129.2,55.525
86.133,55.925
86.133,55.885
86.133,55.902
86.133,56.262
86.133,56.303
86.133,56.221
473.73,57.208
473.73,57.202
473.73,57.214
344.53,57.562
344.53,57.591
344.53,57.568
473.73,57.905
473.73,57.887
473.73,57.899
559.86,58.567
559.86,58.572
559.86,58.561
559.86,58.863
559.86,58.868
559.86,58.857
559.86,59.716
559.86,59.722
559.86,59.71
559.86,60.192
559.86,60.198
559.86,60.186
559.86,60.662
559.86,60.668
559.86,60.639
559.86,61.318
559.86,61.312
559.86,61.306
559.86,61.33
559.86,61.324
559.86,61.336
344.53,62.322
344.53,62.317
86.133,62.264
473.73,62.52
473.73,62.514
473.73,62.526
473.73,63.234
473.73,63.24
473.73,63.228
516.8,63.756
516.8,63.75
516.8,63.594
559.86,63.925
559.86,63.919
559.86,63.93
559.86,64.848
559.86,64.853
559.86,64.842
516.8,65.312
516.8,65.306
516.8,65.277
559.86,65.631
559.86,65.625
559.86,65.62
559.86,66.426
559.86,66.421
559.86,66.02
559.86,66.426
559.86,66.432
559.86,66.438
602.93,66.937
646,66.955
602.93,66.949
473.73,67.808
473.73,67.802
473.73,67.814
215.33,67.959
473.73,68.063
473.73,68.058
516.8,68.963
516.8,68.969
516.8,68.957
516.8,69.004
516.8,69.01
516.8,69.016
559.86,69.532
559.86,69.561
559.86,69.927
559.86,70.38
559.86,70.374
559.86,70.368
559.86,70.896
559.86,70.908
559.86,70.902
559.86,71.274
559.86,71.326
559.86,71.332
559.86,71.738
559.86,71.744
559.86,71.732
86.133,72.551
516.8,72.046
86.133,72.528
387.6,73.056
387.6,73.05
387.6,73.062
473.73,73.195
473.73,73.189
473.73,73.183
430.66,73.892
473.73,73.944
473.73,73.95
516.8,74.246
516.8,74.501
516.8,74.252
559.86,74.71
559.86,74.704
559.86,74.699
129.2,75.18
129.2,75.186
129.2,75.569
646,75.848
646,75.854
646,75.842
559.86,76.492
559.86,76.487
559.86,76.498
559.86,76.823
559.86,76.817
559.86,77.084
689.06,77.177
689.06,77.183
689.06,77.189
602.93,77.677
602.93,77.671
602.93,77.688
646,78.327
646,78.182
646,78.176
602.93,78.687
646,78.687
602.93,78.698
473.73,79.679
473.73,79.673
473.73,79.685
215.33,80.167
86.133,80.202
129.2,80.179
86.133,80.225
86.133,80.26
86.133,80.254
129.2,81.2
86.133,81.223
86.133,81.2
86.133,81.258
86.133,81.252
43.066,81.258
559.86,81.879
559.86,81.874
559.86,81.885
516.8,82.303
516.8,82.297
430.66,82.698
86.133,82.884
86.133,82.889
86.133,82.866
516.8,83.284
516.8,83.429
516.8,83.435
86.133,83.888
86.133,83.865
129.2,83.847
172.27,84.817
172.27,84.811
172.27,84.805
473.73,85.31
473.73,85.304
473.73,85.316
129.2,85.513
129.2,85.507
43.066,85.589
516.8,86.1
516.8,86.105
516.8,86.094
86.133,86.587
129.2,86.535
86.133,86.593
215.33,86.889
215.33,86.883
516.8,87.203
516.8,87.626
516.8,87.609
516.8,87.615
86.133,88.224
86.133,88.218
86.133,88.247
559.86,88.555
559.86,88.561
559.86,88.549
86.133,89.223
129.2,89.182
86.133,89.217
43.066,89.461
43.066,89.455
43.066,89.414
473.73,90.279
473.73,90.285
473.73,90.308
129.2,90.848
86.133,90.889
86.133,90.871
86.133,90.958
43.066,90.947
43.066,91.028
129.2,91.864
86.133,91.922
86.133,91.887
516.8,92.218
516.8,92.212
516.8,92.23
129.2,92.497
559.86,92.532
129.2,92.502
215.33,93.501
215.33,93.495
172.27,93.495
86.133,93.553
86.133,93.536
86.133,93.53
129.2,94.517
86.133,94.523
86.133,94.517
86.133,94.552
86.133,94.534
129.2,94.534
387.6,95.341
344.53,95.289
344.53,95.3
473.73,96.003
473.73,96.009
473.73,96.015
129.2,96.177
129.2,96.183
129.2,96.2
516.8,96.763
516.8,96.758
516.8,96.798
86.133,97.257
129.2,97.181
129.2,97.199
473.73,97.588
516.8,97.901
516.8,97.895
516.8,98.331
516.8,98.337
516.8,98.313
86.133,98.865
129.2,98.865
86.133,98.871
559.86,99.248
559.86,99.463
559.86,99.468
86.133,99.886
86.133,99.892
129.2,99.846
129.2,100.5
86.133,100.59
129.2,100.5
947.46,101.15
947.46,101.14
947.46,101.13
86.133,101.56
86.133,101.59
129.2,101.53
1119.7,102.01
1119.7,102.01
1119.7,102.02
129.2,102.53
86.133,102.56
86.133,102.53
43.066,102.74
129.2,103.17
43.066,102.7
947.46,103.69
947.46,103.7
947.46,103.69
86.133,104.2
129.2,104.18
129.2,104.2
86.133,104.25
86.133,104.24
86.133,104.23
86.133,105.22
86.133,105.2
129.2,105.2
86.133,105.29
86.133,105.26
86.133,105.27
1119.7,106.13
1119.7,106.13
1119.7,106.12
1033.6,106.7
1033.6,106.7
1033.6,106.67
129.2,106.85
129.2,106.84
86.133,106.86
1248.9,107.8
1248.9,107.8
1205.9,107.47
86.133,107.92
86.133,107.93
43.066,107.92
129.2,108.5
129.2,108.51
129.2,108.5
947.46,109.23
947.46,109.22
947.46,109.23
86.133,109.53
86.133,109.53
129.2,109.52
947.46,109.85
947.46,109.85
947.46,109.86
86.133,110.56
129.2,110.52
86.133,110.53
129.2,111.17
86.133,111.22
129.2,111.17
1033.6,111.87
1033.6,111.87
1033.6,111.88
86.133,112.22
129.2,112.2
86.133,112.2
1248.9,112.5
86.133,112.46
1248.9,112.51
129.2,113.2
129.2,113.2
86.133,113.26
129.2,113.83
172.27,113.83
172.27,113.82
1076.7,114.11
1033.6,114
1076.7,114.1
129.2,114.85
86.133,114.86
86.133,114.87
86.133,114.96
43.066,115.1
43.066,115.03
86.133,115.87
86.133,115.86
86.133,115.86
86.133,116.02
43.066,116.09
43.066,116.1
1033.6,116.76
1033.6,116.76
1033.6,116.75
129.2,117.51
1033.6,117.24
1033.6,117.24
129.2,117.51
129.2,117.52
129.2,117.53
129.2,118.51
129.2,118.53
86.133,118.53
86.133,118.59
86.133,118.58
43.066,118.59
947.46,119.44
947.46,119.43
947.46,119.44
947.46,119.78
947.46,119.79
947.46,119.79
86.133,120.2
129.2,120.2
86.133,120.2
1421.2,121.07
1378.1,120.64
1421.2,120.77
86.133,121.22
86.133,121.23
129.2,121.18
1421.2,121.73
1421.2,121.72
1421.2,121.7
129.2,122.37
129.2,122.4
129.2,122.36
344.53,123.01
344.53,123.01
344.53,123
344.53,123.55
344.53,123.13
344.53,123.54
344.53,123.65
344.53,123.66
344.53,123.65
258.4,124.58
258.4,124.57
258.4,124.58
559.86,124.95
559.86,124.95
559.86,124.96
516.8,125.35
516.8,125.35
516.8,125.36
516.8,125.95
516.8,125.96
516.8,125.8
258.4,126.2
258.4,126.19
258.4,126.21
43.066,127.07
43.066,127.05
43.066,127.05
43.066,127.43
43.066,127.38
43.066,127.45
215.33,128.19
215.33,128.19
258.4,128.24
559.86,128.74
559.86,128.75
559.86,128.73
559.86,128.94
559.86,128.88
559.86,128.95
43.066,129.75
43.066,129.72
43.066,129.7
689.06,129.89
689.06,129.88
646,129.94
602.93,130.38
602.93,130.73
602.93,130.73
602.93,130.88
646,130.88
602.93,130.89
646,131.73
646,131.72
602.93,131.74
602.93,131.85
602.93,131.85
602.93,131.87
43.066,132.37
43.066,132.38
43.066,132.74
602.93,133.24
646,133.24
646,133.06
602.93,133.56
602.93,133.56
646,133.57
344.53,134.22
344.53,134.23
344.53,134.22
344.53,134.41
344.53,134.43
344.53,134.38
86.133,135.31
86.133,135.29
86.133,135.34
559.86,135.67
559.86,135.79
559.86,135.8
559.86,136.27
559.86,136.26
559.86,136.23
602.93,136.75
646,136.44
602.93,136.66
602.93,137.01
602.93,137
602.93,137
43.066,137.74
43.066,137.72
43.066,137.69
43.066,138.07
43.066,138.09
43.066,138.05
258.4,138.94
258.4,138.94
258.4,138.97
559.86,139.19
559.86,139.19
559.86,139.18
559.86,139.67
559.86,139.66
559.86,139.67
43.066,140.41
43.066,140.39
43.066,140.42
301.46,140.83
301.46,140.85
301.46,140.84
301.46,141.25
301.46,141.24
301.46,141.27
602.93,141.84
602.93,141.84
646,141.84
646,142.39
646,142.41
646,142.4
602.93,142.75
602.93,142.73
602.93,142.74
215.33,143.52
215.33,143.51
215.33,143.52
559.86,143.81
559.86,143.81
559.86,143.64
129.2,144.18
129.2,144.18
86.133,144.2
689.06,144.58
689.06,144.61
689.06,144.59
129.2,145.2
86.133,145.2
86.133,145.19
646,146.08
646,146.08
129.2,145.83
559.86,146.27
559.86,146.31
559.86,146.31
86.133,146.89
129.2,146.85
86.133,146.88
559.86,147.22
559.86,147.23
602.93,147.37
129.2,147.86
86.133,147.86
86.133,147.87
516.8,148.25
516.8,148.27
516.8,148.24
387.6,149
387.6,149
258.4,149.11
129.2,149.51
86.133,149.55
86.133,149.59
43.066,149.79
86.133,149.79
689.06,149.88
129.2,150.52
86.133,150.52
86.133,150.53
689.06,151.11
689.06,150.75
689.06,151.1
818.26,151.72
818.26,151.72
818.26,151.73
86.133,152.22
86.133,152.22
86.133,152.2
86.133,152.25
43.066,152.25
86.133,152.25
129.2,153.18
86.133,153.25
86.133,153.19
43.066,153.41
646,153.44
43.066,153.43
602.93,154.27
602.93,154.26
602.93,154.26
301.46,154.74
301.46,154.74
301.46,154.71
129.2,154.85
129.2,154.84
129.2,154.87
689.06,155.63
129.2,155.71
689.06,155.62
86.133,155.86
129.2,155.86
86.133,155.89
689.06,156.49
689.06,156.5
689.06,156.5
559.86,156.98
559.86,156.97
559.86,156.98
86.133,157.54
86.133,157.55
129.2,157.52
559.86,158.01
559.86,158
559.86,158.01
129.2,158.53
86.133,158.53
86.133,158.59
129.2,159.17
129.2,159.17
1378.1,159.23
258.4,159.77
258.4,159.79
258.4,159.81
559.86,160.02
559.86,160.03
559.86,160.01
258.4,160.9
258.4,160.89
258.4,160.9
258.4,161.03
258.4,161.02
258.4,161.02
258.4,161.45
258.4,161.45
258.4,161.44
258.4,161.96
258.4,161.97
258.4,161.96
215.33,162.97
215.33,162.96
516.8,162.56
215.33,162.99
215.33,163.04
215.33,162.98
516.8,163.67
516.8,163.86
516.8,163.67
258.4,164
258.4,164
258.4,164.06
430.66,164.97
430.66,164.98
430.66,164.97
129.2,165.51
172.27,165.5
86.133,165.53
86.133,165.56
86.133,165.54
86.133,165.59
129.2,166.53
129.2,166.53
86.133,166.53
86.133,166.56
559.86,166.7
559.86,166.7
559.86,167.21
559.86,167.22
559.86,167.21
516.8,167.66
516.8,167.65
516.8,167.67
129.2,168.2
86.133,168.2
129.2,168.18
516.8,168.63
516.8,168.64
516.8,168.65
86.133,169.22
86.133,169.2
129.2,169.2
1248.9,169.94
1248.9,169.93
1248.9,169.92
473.73,170.6
473.73,170.6
473.73,170.61
129.2,170.85
86.133,170.92
86.133,170.89
516.8,171.61
516.8,171.6
516.8,171.63
86.133,171.92
129.2,171.87
86.133,171.93
473.73,172.2
473.73,172.21
473.73,172.2
516.8,172.92
516.8,172.91
516.8,172.93
86.133,173.55
86.133,173.56
129.2,173.52
1421.2,174.04
1421.2,174.05
43.066,173.71
86.133,174.56
129.2,174.52
86.133,174.53
43.066,174.72
43.066,174.73
0,174.72
473.73,175.73
473.73,175.72
473.73,175.73
129.2,176.2
86.133,176.22
129.2,176.18
86.133,176.26
43.066,176.26
43.066,176.26
129.2,177.2
86.133,177.26
86.133,177.22
86.133,177.29
516.8,177.41
516.8,177.41
559.86,177.93
559.86,178.03
559.86,177.93
516.8,178.37
516.8,178.33
516.8,178.38
86.133,178.89
129.2,178.85
129.2,178.87
172.27,179.83
215.33,179.83
559.86,179.35
86.133,179.88
129.2,179.85
86.133,179.89
387.6,180.81
387.6,180.67
387.6,180.73
473.73,181.2
473.73,181.2
473.73,181.19
129.2,181.51
129.2,181.52
86.133,181.56
516.8,182.13
516.8,182.13
516.8,182.12
86.133,182.59
129.2,182.51
86.133,182.56
473.73,182.91
473.73,182.92
516.8,183.22
516.8,183.69
516.8,183.64
516.8,183.68
86.133,184.2
129.2,184.2
86.133,184.2
559.86,184.9
559.86,184.91
559.86,184.91
86.133,185.22
129.2,185.18
86.133,185.23
559.86,185.56
559.86,185.55
559.86,185.54
1421.2,186.14
1421.2,186.14
1421.2,186.15
86.133,186.89
129.2,186.86
129.2,186.87
301.46,187.34
301.46,187.33
43.066,187.03
129.2,187.87
86.133,187.89
86.133,187.87
301.46,188.34
301.46,188.33
43.066,188.02
818.26,188.82
129.2,189.03
861.33,188.82
129.2,189.52
86.133,189.53
129.2,189.53
86.133,189.56
86.133,189.55
86.133,189.58
86.133,190.55
86.133,190.53
129.2,190.53
86.133,190.56
86.133,190.58
86.133,190.57
258.4,191.09
258.4,191.1
818.26,191.49
86.133,191.75
86.133,191.77
86.133,191.73
86.133,192.2
129.2,192.2
129.2,192.18
344.53,192.6
344.53,192.63
344.53,192.61
86.133,193.25
86.133,193.26
43.066,193.25
301.46,193.67
215.33,193.64
258.4,193.76
86.133,194.44
86.133,194.46
86.133,194.48
86.133,194.87
86.133,194.86
129.2,194.85
258.4,195.27
258.4,195.26
258.4,195.37
86.133,195.89
129.2,195.85
86.133,195.87
258.4,196.18
258.4,196.25
215.33,196.28
775.2,196.82
86.133,196.72
86.133,196.7
86.133,197.56
129.2,197.53
86.133,197.59
43.066,197.74
43.066,197.74
344.53,197.98
129.2,198.53
86.133,198.59
86.133,198.55
43.066,198.74
43.066,198.73
301.46,199
473.73,199.33
473.73,199.33
129.2,199.76
86.133,200.2
86.133,200.2
86.133,200.22
344.53,200.61
344.53,200.61
344.53,200.6
129.2,201.18
86.133,201.22
86.133,201.2
86.133,201.29
43.066,201.37
43.066,201.43
129.2,201.83
215.33,202.16
215.33,202.17
86.133,202.45
86.133,202.44
86.133,202.47
129.2,202.84
129.2,202.85
129.2,202.87
129.2,203.84
215.33,203.83
258.4,203.83
86.133,203.92
129.2,203.85
86.133,203.89
129.2,204.5
129.2,204.5
258.4,204.41
86.133,205.15
86.133,205.13
86.133,205.1
86.133,205.53
129.2,205.53
86.133,205.54
344.53,205.98
344.53,205.97
947.46,206.24
86.133,206.55
86.133,206.56
129.2,206.51
215.33,206.97
215.33,206.98
215.33,206.97
516.8,207.9
516.8,207.86
516.8,207.87
86.133,208.22
86.133,208.26
129.2,208.2
129.2,208.83
43.066,208.45
559.86,208.94
129.2,209.2
86.133,209.22
86.133,209.2
129.2,209.83
559.86,209.46
559.86,209.48
516.8,210.26
129.2,210.36
129.2,210.38
86.133,210.87
129.2,210.85
129.2,210.87
43.066,211.03
43.066,211.09
43.066,211.1
86.133,211.89
86.133,211.86
129.2,211.86
43.066,212.03
86.133,212.03
43.066,212.1
344.53,212.79
344.53,212.82
344.53,212.75
129.2,213.51
129.2,213.51
86.133,213.53
43.066,213.59
86.133,213.59
86.133,213.55
129.2,214.51
129.2,214.53
86.133,214.56
86.133,214.59
86.133,214.59
43.066,214.59
129.2,215.17
129.2,215.17
559.86,215.32
86.133,215.81
86.133,215.77
86.133,215.79
86.133,216.2
86.133,216.2
129.2,216.18
86.133,216.8
86.133,216.76
86.133,216.74
86.133,217.22
129.2,217.18
86.133,217.2
129.2,217.83
129.2,217.84
86.133,217.88
129.2,218.35
129.2,218.38
129.2,218.37
86.133,218.89
129.2,218.87
86.133,218.92
559.86,219.55
559.86,219.56
129.2,219.42
129.2,219.86
86.133,219.92
86.133,219.87
129.2,220.5
129.2,220.5
559.86,220.19
129.2,221.04
129.2,221.02
129.2,221.06
86.133,221.53
86.133,221.54
129.2,221.52
43.066,221.76
43.066,221.77
43.066,221.77
129.2,222.52
86.133,222.53
86.133,222.55
43.066,222.76
43.066,222.77
43.066,222.77
86.133,223.71
86.133,223.75
86.133,223.73
129.2,224.18
129.2,224.18
129.2,224.2
43.066,224.46
86.133,224.46
43.066,224.46
86.133,225.26
129.2,225.18
86.133,225.25
43.066,225.46
43.066,225.45
43.066,225.44
129.2,225.84
129.2,225.83
86.133,225.84
215.33,226.83
172.27,226.83
129.2,226.83
86.133,226.86
129.2,226.86
86.133,226.87
129.2,227.85
129.2,227.85
86.133,227.85
86.133,227.89
86.133,227.89
86.133,227.92
129.2,228.5
86.133,228.59
86.133,228.57
129.2,229.02
129.2,229.04
129.2,229.09
689.06,229.74
689.06,229.74
689.06,229.73
689.06,229.91
689.06,230.23
689.06,230.23
689.06,230.51
689.06,230.5
689.06,230.52
86.133,230.98
86.133,231.3
86.133,231.27
646,231.53
646,231.53
646,231.52
516.8,232.17
516.8,232.16
516.8,232.15
516.8,232.81
516.8,232.81
516.8,232.83
775.2,233
775.2,233.02
775.2,232.99
43.066,233.74
43.066,233.71
43.066,233.69
43.066,234.05
43.066,234.07
43.066,234.1
473.73,234.92
473.73,234.93
516.8,234.95
559.86,235.25
559.86,235.25
559.86,235.04
559.86,235.54
559.86,235.55
559.86,235.55
473.73,236.52
516.8,236.52
516.8,236.53
301.46,236.88
301.46,236.87
301.46,236.86
646,237.55
646,237.54
646,237.56
646,237.56
602.93,237.88
602.93,237.88
646,238.2
602.93,238.21
646,238.2
904.39,238.72
904.39,238.71
947.46,238.71
43.066,239.4
43.066,239.42
43.066,239.43
301.46,240.11
301.46,240.11
129.2,240.11
602.93,240.19
602.93,240.19
387.6,240.14
646,240.84
646,240.84
689.06,240.86
689.06,241.13
689.06,241.14
689.06,241.19
516.8,241.9
516.8,241.91
516.8,241.89
559.86,242.65
559.86,242.65
559.86,242.66
559.86,243.04
559.86,243.04
559.86,243.03
301.46,243.67
301.46,243.66
301.46,243.64
301.46,243.73
301.46,243.7
301.46,243.9
43.066,244.41
43.066,244.38
43.066,244.69
43.066,244.78
43.066,244.81
43.066,244.76
559.86,245.71
559.86,245.71
516.8,245.6
559.86,245.93
559.86,245.94
559.86,245.95
559.86,246.44
559.86,246.47
559.86,246.47
516.8,247.25
559.86,247.26
516.8,247.25
646,247.7
689.06,247.43
689.06,247.57
602.93,247.97
602.93,247.97
602.93,247.98
602.93,248.57
602.93,248.3
602.93,248.46
646,249.1
646,249.1
602.93,249.12
602.93,249.32
602.93,249.31
602.93,249.34
559.86,250.33
559.86,250.3
559.86,250.32
215.33,250.83
172.27,250.83
215.33,250.84
86.133,250.86
129.2,250.87
129.2,250.85
86.133,251.86
129.2,251.85
86.133,251.86
129.2,251.87
86.133,251.87
86.133,251.86
602.93,252.81
646,252.78
646,252.78
602.93,253.07
602.93,253.06
602.93,253.08
86.133,253.56
86.133,253.53
129.2,253.52
602.93,254.41
646,254.35
602.93,254.39
129.2,254.53
86.133,254.53
86.133,254.54
516.8,254.97
516.8,255.23
516.8,255.23
559.86,255.73
559.86,255.72
559.86,255.73
86.133,256.26
86.133,256.22
129.2,256.18
43.066,256.46
86.133,256.46
86.133,256.84
129.2,257.18
86.133,257.19
86.133,257.2
689.06,257.71
689.06,257.65
689.06,257.7
818.26,258.41
818.26,258.37
818.26,258.37
86.133,258.89
86.133,258.89
86.133,258.87
43.066,259.04
43.066,259.02
1421.2,259.33
129.2,259.85
86.133,259.86
86.133,259.92
43.066,260.09
43.066,260.08
43.066,260.1
646,260.95
646,260.94
602.93,260.95
129.2,261.53
86.133,261.53
129.2,261.51
86.133,261.58
43.066,261.59
86.133,261.59
86.133,262.53
129.2,262.53
86.133,262.55
43.066,262.59
86.133,262.59
43.066,262.59
646,263.39
602.93,263.41
602.93,263.41
602.93,263.65
602.93,263.66
602.93,263.66
86.133,264.22
86.133,264.2
129.2,264.19
559.86,264.67
516.8,265.06
559.86,264.68
129.2,265.2
86.133,265.2
86.133,265.25
516.8,265.68
516.8,265.65
516.8,265.68
516.8,266.66
516.8,266.66
516.8,266.65
258.4,267.04
258.4,267.02
258.4,267.04
516.8,267.68
516.8,267.67
516.8,267.64
258.4,268
258.4,268
258.4,268.01
516.8,268.23
516.8,268.23
516.8,268.21
516.8,268.86
516.8,268.88
516.8,268.87
516.8,269.26
1033.6,269.43
516.8,269.24
473.73,269.77
1033.6,270.15
1076.7,270.15
516.8,270.26
516.8,270.28
516.8,270.26
2239.5,270.83
258.4,270.76
2239.5,270.83
559.86,271.77
559.86,271.77
559.86,271.78
86.133,272.2
129.2,272.2
86.133,272.22
473.73,272.3
473.73,272.29
43.066,272.36
129.2,273.2
86.133,273.22
129.2,273.19
559.86,273.37
559.86,273.38
559.86,273.36
559.86,273.89
559.86,273.89
559.86,273.88
129.2,274.85
215.33,274.83
172.27,274.85
86.133,274.87
129.2,274.87
129.2,274.85
86.133,275.86
129.2,275.86
129.2,275.85
86.133,275.89
86.133,275.88
86.133,275.87
215.33,276.78
215.33,276.78
215.33,276.79
473.73,277.27
473.73,277.28
473.73,277.28
129.2,277.51
86.133,277.59
129.2,277.51
516.8,278.16
516.8,278.16
258.4,277.91
86.133,278.59
86.133,278.59
43.066,278.59
258.4,279.16
258.4,279.16
258.4,279.09
516.8,279.61
516.8,279.6
516.8,279.61
86.133,280.2
86.133,280.22
86.133,280.22
559.86,280.96
559.86,280.96
559.86,280.78
129.2,281.18
86.133,281.2
86.133,281.22
215.33,281.66
344.53,281.63
301.46,281.83
473.73,282.27
473.73,282.27
473.73,282.28
86.133,282.89
129.2,282.87
129.2,282.85
43.066,283.02
559.86,283.25
559.86,283.52
129.2,283.86
86.133,283.92
86.133,283.89
258.4,284.4
258.4,284.46
258.4,284.34
516.8,284.93
516.8,284.94
516.8,284.93
86.133,285.55
129.2,285.52
86.133,285.52
86.133,285.58
301.46,286.01
86.133,285.6
86.133,286.55
129.2,286.52
86.133,286.56
344.53,286.92
344.53,286.92
86.133,286.62
344.53,287.31
344.53,287.32
344.53,287.31
473.73,287.89
473.73,287.89
473.73,288.05
129.2,288.18
129.2,288.18
86.133,288.22
301.46,288.66
258.4,288.75
516.8,288.79
86.133,289.26
129.2,289.18
86.133,289.22
516.8,289.88
516.8,289.87
516.8,289.88
516.8,290.26
516.8,290.26
516.8,290.25
86.133,290.86
129.2,290.86
86.133,290.87
559.86,291.51
559.86,291.52
559.86,291.51
86.133,291.89
129.2,291.85
86.133,291.87
559.86,292.26
559.86,292.26
559.86,292.27
86.133,292.76
129.2,293.04
86.133,292.74
129.2,293.54
86.133,293.56
86.133,293.54
129.2,294.09
129.2,294.07
129.2,294.06
129.2,294.53
86.133,294.56
86.133,294.53
129.2,295.17
344.53,294.86
301.46,295
387.6,295.78
129.2,295.75
129.2,295.74
86.133,296.2
129.2,296.2
129.2,296.18
301.46,296.7
258.4,296.77
43.066,296.37
86.133,297.22
86.133,297.2
86.133,297.22
301.46,297.66
301.46,297.66
301.46,297.67
301.46,298.14
301.46,298.13
301.46,298.11
129.2,298.85
129.2,298.84
86.133,298.85
86.133,298.92
86.133,298.89
86.133,298.93
172.27,299.85
129.2,299.85
129.2,299.85
86.133,299.92
43.066,299.92
86.133,299.89
1550.4,300.54
1550.4,300.55
1550.4,300.54
86.133,301.1
86.133,301.13
86.133,301.12
86.133,301.56
86.133,301.55
129.2,301.52
344.53,301.98
1550.4,302.31
1550.4,302.31
129.2,302.52
86.133,302.56
86.133,302.53
1248.9,302.98
1550.4,303.43
1248.9,302.99
86.133,303.66
1550.4,303.86
1550.4,303.84
86.133,304.22
129.2,304.2
86.133,304.26
1550.4,304.48
129.2,304.73
129.2,304.75
129.2,305.2
129.2,305.2
86.133,305.26
129.2,305.83
129.2,305.84
258.4,305.82
1421.2,306.14
1421.2,306.14
129.2,306.47
86.133,306.89
86.133,306.87
86.133,306.86
43.066,307.03
301.46,307.34
43.066,307.04
86.133,307.88
86.133,307.89
129.2,307.85
43.066,308.09
43.066,308.11
43.066,308.1
86.133,309.06
86.133,309.05
86.133,309.07
129.2,309.51
86.133,309.56
129.2,309.52
86.133,309.59
86.133,309.59
43.066,309.59
86.133,310.58
86.133,310.59
43.066,310.59
43.066,310.79
43.066,310.79
43.066,310.77
344.53,311.16
387.6,311.37
344.53,311.12
86.133,311.79
86.133,311.77
86.133,311.81
86.133,312.2
129.2,312.2
86.133,312.19
1421.2,312.7
1421.2,312.7
1421.2,312.69
86.133,313.22
129.2,313.18
86.133,313.23
129.2,313.84
86.133,313.92
86.133,313.9
172.27,314.35
129.2,314.4
129.2,314.35
86.133,314.87
86.133,314.89
129.2,314.87
1119.7,315.27
1119.7,315.26
129.2,315.42
129.2,315.87
86.133,315.89
86.133,315.86
1119.7,316.65
1119.7,316.66
1119.7,316.66
1076.7,316.78
947.46,317.23
129.2,317.14
86.133,317.53
129.2,317.53
129.2,317.52
301.46,318.03
344.53,317.96
43.066,317.77
86.133,318.55
86.133,318.53
86.133,318.55
301.46,319
301.46,319
301.46,318.99
301.46,319.47
301.46,319.47
344.53,319.47
129.2,320.18
86.133,320.26
86.133,320.22
43.066,320.46
1033.6,320.8
43.066,320.44
86.133,321.25
43.066,321.25
86.133,321.26
1033.6,321.69
1033.6,321.7
1033.6,321.7
1033.6,322.07
1033.6,322.08
1033.6,322.07
86.133,322.87
129.2,322.85
86.133,322.86
86.133,322.89
86.133,322.89
86.133,322.87
129.2,323.85
86.133,323.89
86.133,323.87
86.133,323.89
86.133,323.92
86.133,323.91
947.46,324.91
947.46,324.91
86.133,324.88
1033.6,325.2
1033.6,325.21
1033.6,325.2
86.133,325.56
129.2,325.53
86.133,325.59
1378.1,326.03
1378.1,326.02
1507.3,326.13
129.2,326.53
129.2,326.54
86.133,326.54
1119.7,327.4
1119.7,327.39
1119.7,327.38
947.46,327.9
947.46,327.97
947.46,327.96
86.133,328.22
86.133,328.2
86.133,328.2
1119.7,328.99
1076.7,328.99
1119.7,329
86.133,329.22
86.133,329.22
86.133,329.2
258.4,329.78
301.46,329.67
344.53,329.6
86.133,330.45
86.133,330.47
86.133,330.4
129.2,330.84
86.133,330.92
86.133,330.89
43.066,331.12
43.066,331.13
1033.6,331.24
86.133,331.92
86.133,331.92
86.133,331.89
1033.6,332.12
1033.6,332.11
1033.6,332.12
1076.7,332.63
1076.7,332.66
1033.6,332.57
86.133,333.53
129.2,333.53
86.133,333.53
43.066,333.6
86.133,333.6
43.066,333.6
86.133,334.55
129.2,334.51
86.133,334.53
1248.9,334.91
43.066,334.71
1248.9,334.91
1378.1,335.13
1378.1,335.14
1378.1,335.4
1378.1,335.68
1378.1,335.69
1378.1,335.71
1378.1,336.4
1378.1,336.4
1378.1,336.41
1378.1,336.86
1378.1,336.86
1421.2,337.01
1421.2,337.21
1421.2,337.21
1378.1,337.21
1378.1,337.74
1421.2,337.69
1378.1,337.69
1421.2,338.34
1421.2,338.34
1421.2,338.32
1421.2,338.87
1421.2,338.88
1421.2,339.09
1421.2,339.36
1421.2,339.34
1421.2,339.37
1378.1,339.79
1378.1,339.78
1378.1,339.8
1378.1,340.25
1378.1,340.25
1421.2,340.25
387.6,340.83
430.66,340.84
430.66,340.83
344.53,341.4
473.73,341.76
344.53,341.46
473.73,341.82
473.73,341.78
473.73,341.84
344.53,342.65
344.53,342.66
344.53,342.68
344.53,342.81
344.53,342.81
344.53,342.79
86.133,343.64
86.133,343.35
86.133,343.32
86.133,343.81
86.133,343.96
86.133,343.9
86.133,344.36
86.133,344.33
86.133,344.44
129.2,344.85
86.133,344.85
129.2,344.9
430.66,345.4
430.66,345.4
430.66,345.41
430.66,345.86
430.66,345.86
430.66,345.87
86.133,346.42
86.133,346.62
86.133,346.65
86.133,347.12
86.133,346.94
86.133,346.88
86.133,347.49
86.133,347.6
86.133,347.49
86.133,347.95
86.133,348.03
129.2,348.31
129.2,348.65
129.2,348.43
129.2,348.71
86.133,349.43
86.133,349.23
86.133,349.43
86.133,349.86
86.133,349.83
86.133,349.69
86.133,350.41
86.133,350.09
86.133,350.44
86.133,350.49
86.133,350.55
86.133,350.9
86.133,351.34
86.133,351.05
86.133,351.04
86.133,351.48
86.133,351.51
86.133,351.6
86.133,352.46
86.133,352.08
86.133,352.47
86.133,352.81
86.133,352.98
86.133,352.95
86.133,353.22
86.133,353.13
86.133,353.19
86.133,353.99
86.133,353.77
86.133,353.94
86.133,354.23
86.133,354.2
86.133,354.06
86.133,354.69
86.133,354.55
86.133,354.63
129.2,355.36
129.2,355.35
129.2,355.39
86.133,355.63
86.133,355.63
86.133,355.66
43.066,356.46
0,356.44
0,356.46
0,356.86
0,356.78
0,356.94
86.133,357.54
86.133,357.37
86.133,357.54
