172.27,0.45859
172.27,0.4644
172.27,0.4702
172.27,0.8185
172.27,0.8127
172.27,0.82431
215.33,1.1494
215.33,1.4396
215.33,1.4512
215.33,1.6022
215.33,1.5906
215.33,1.5499
172.27,2.5658
215.33,2.5658
215.33,2.5716
215.33,2.9954
215.33,2.9896
215.33,3.0012
172.27,3.1347
172.27,3.1637
172.27,3.1405
172.27,3.6513
172.27,3.6688
172.27,3.6571
258.4,4.1273
258.4,4.1912
258.4,4.1564
215.33,5.0039
215.33,4.8704
172.27,4.8588
215.33,5.3812
215.33,5.3754
215.33,5.387
215.33,6.072
215.33,5.6424
215.33,6.0778
301.46,6.4145
301.46,6.4203
301.46,6.3971
301.46,6.8151
301.46,6.8034
301.46,6.8267
301.46,7.4768
301.46,7.471
301.46,7.4884
301.46,7.7206
301.46,7.6916
301.46,7.7439
301.46,8.3127
301.46,8.4985
301.46,8.3011
301.46,8.7365
301.46,8.7423
301.46,8.7307
602.93,9.6305
602.93,9.6131
602.93,9.6247
646,9.8627
646,9.8685
602.93,9.8975
344.53,10.745
344.53,10.391
344.53,10.35
344.53,10.774
344.53,10.879
344.53,10.855
301.46,11.482
301.46,11.488
301.46,11.366
258.4,11.929
258.4,11.906
258.4,11.999
301.46,12.475
301.46,12.446
301.46,12.469
215.33,12.8
215.33,12.823
258.4,12.794
215.33,13.798
215.33,13.804
172.27,13.798
861.33,14.24
818.26,14.315
818.26,14.309
818.26,14.35
818.26,14.321
818.26,14.327
344.53,15.279
344.53,15.273
344.53,15.267
344.53,15.627
344.53,15.633
344.53,15.639
344.53,16.086
344.53,16.08
344.53,16.091
344.53,16.393
344.53,16.422
344.53,16.417
301.46,16.904
301.46,16.898
301.46,16.875
258.4,17.485
258.4,17.508
258.4,17.467
215.33,18.175
215.33,18.17
215.33,18.216
215.33,18.408
215.33,18.489
215.33,18.483
215.33,19.226
215.33,19.22
215.33,19.215
215.33,19.749
215.33,19.743
215.33,19.754
215.33,19.969
215.33,19.992
215.33,19.998
172.27,20.457
215.33,20.451
172.27,20.451
301.46,21.24
301.46,21.473
301.46,21.258
301.46,21.484
301.46,21.49
301.46,21.478
344.53,22.338
344.53,22.343
344.53,22.361
387.6,22.68
387.6,22.523
387.6,22.518
387.6,23.481
387.6,23.487
387.6,23.052
387.6,23.708
387.6,23.702
387.6,23.713
387.6,24.172
387.6,24.166
387.6,24.178
387.6,24.584
387.6,24.59
387.6,24.578
387.6,25.199
387.6,25.049
387.6,25.194
344.53,25.861
387.6,25.913
387.6,25.908
129.2,26.552
258.4,26.558
129.2,26.558
301.46,26.819
301.46,26.813
301.46,26.807
301.46,27.115
301.46,27.121
301.46,27.109
301.46,27.69
301.46,27.696
344.53,28.079
387.6,28.398
387.6,28.404
344.53,28.206
344.53,28.804
344.53,28.81
344.53,28.857
732.13,29.6
732.13,29.623
732.13,29.629
344.53,29.774
344.53,29.768
344.53,29.762
732.13,30.511
732.13,30.517
732.13,30.523
732.13,31.051
732.13,30.807
732.13,30.801
430.66,31.399
430.66,31.405
430.66,31.411
430.66,31.689
387.6,31.73
387.6,31.689
301.46,32.589
301.46,32.583
301.46,32.595
301.46,32.787
301.46,32.781
301.46,32.792
301.46,33.292
301.46,33.297
301.46,33.28
387.6,34.023
387.6,34.046
387.6,34.04
344.53,34.273
344.53,34.278
344.53,34.307
732.13,34.842
732.13,34.818
732.13,34.847
732.13,35.625
732.13,35.503
732.13,35.318
732.13,35.95
732.13,36.287
732.13,35.944
732.13,36.554
732.13,36.548
732.13,36.299
689.06,36.867
689.06,36.873
689.06,36.85
344.53,37.343
387.6,37.343
387.6,37.326
301.46,38.116
301.46,38.121
301.46,38.145
301.46,38.406
301.46,38.394
301.46,38.388
301.46,39.01
301.46,39.004
301.46,38.98
387.6,39.758
344.53,39.706
344.53,39.724
387.6,40.014
387.6,40.02
387.6,40.205
387.6,40.496
387.6,40.501
387.6,40.49
344.53,40.989
344.53,40.995
344.53,40.983
732.13,41.558
732.13,41.552
732.13,41.54
732.13,42.214
732.13,42.266
732.13,42.313
947.46,42.539
947.46,42.533
947.46,42.545
818.26,42.934
861.33,43.027
818.26,42.94
129.2,43.63
129.2,43.665
129.2,43.694
129.2,43.95
129.2,43.984
129.2,43.955
301.46,44.925
301.46,44.931
301.46,44.948
344.53,45.331
344.53,45.337
344.53,45.325
387.6,45.848
387.6,45.854
344.53,45.708
344.53,45.999
344.53,46.167
387.6,46.312
387.6,46.602
387.6,46.608
387.6,46.597
344.53,47.183
344.53,47.189
387.6,47.525
344.53,47.827
344.53,47.851
344.53,47.903
258.4,48.181
301.46,48.495
258.4,48.187
344.53,48.768
344.53,48.762
344.53,48.756
344.53,49.116
344.53,49.174
344.53,49.07
129.2,49.755
129.2,49.784
129.2,49.813
258.4,50.463
258.4,50.556
258.4,50.474
301.46,50.962
301.46,50.968
301.46,50.956
344.53,51.357
344.53,51.351
344.53,51.368
344.53,51.653
344.53,51.647
344.53,51.664
301.46,52.57
301.46,52.564
301.46,52.547
344.53,52.959
344.53,52.953
344.53,52.965
301.46,53.592
301.46,53.597
344.53,53.418
344.53,54.097
301.46,53.679
301.46,53.766
387.6,54.439
387.6,54.445
344.53,54.288
387.6,54.712
387.6,55.043
387.6,54.706
129.2,55.356
387.6,55.188
387.6,55.194
129.2,56.21
473.73,56.21
430.66,55.885
344.53,56.657
344.53,56.662
344.53,56.709
344.53,56.761
344.53,56.767
344.53,57.092
387.6,57.307
387.6,57.301
387.6,57.313
387.6,58.253
387.6,58.247
387.6,58.241
430.66,58.619
430.66,58.613
430.66,58.625
344.53,59.153
344.53,59.159
344.53,59.124
301.46,59.292
301.46,59.286
301.46,59.281
344.53,59.983
344.53,59.977
344.53,60.006
344.53,60.296
344.53,60.32
344.53,60.314
215.33,61.057
215.33,61.045
215.33,61.051
258.4,61.655
258.4,61.643
258.4,61.649
258.4,61.904
301.46,62.317
301.46,62.288
344.53,62.595
344.53,62.589
344.53,62.584
344.53,63.036
344.53,63.042
344.53,63.031
301.46,63.872
86.133,63.75
86.133,63.756
344.53,64.238
344.53,64.244
301.46,63.89
344.53,64.894
344.53,64.882
344.53,64.888
301.46,65.12
301.46,65.126
301.46,65.347
344.53,65.44
344.53,65.591
344.53,65.596
387.6,66.386
387.6,66.38
387.6,66.392
387.6,66.56
387.6,66.554
387.6,66.566
387.6,66.943
387.6,66.949
387.6,66.937
344.53,67.924
344.53,67.918
344.53,67.93
344.53,68.069
344.53,68.063
344.53,67.971
344.53,68.661
344.53,68.667
387.6,68.661
344.53,69.05
344.53,69.045
344.53,69.056
430.66,69.631
430.66,69.625
430.66,69.689
344.53,70.351
344.53,70.484
344.53,70.345
344.53,70.612
344.53,70.629
344.53,70.769
344.53,71.459
344.53,71.483
301.46,71.134
258.4,71.86
301.46,71.535
301.46,71.541
258.4,72.092
258.4,72.15
258.4,72.121
387.6,72.626
344.53,72.632
129.2,72.876
344.53,73.561
344.53,73.555
344.53,73.567
344.53,73.7
344.53,73.752
344.53,73.747
344.53,74.269
344.53,74.315
344.53,74.263
344.53,74.971
344.53,75
344.53,74.942
344.53,75.186
344.53,75.111
344.53,75.18
172.27,76.016
344.53,76.086
344.53,76.115
344.53,76.347
344.53,76.382
344.53,76.225
344.53,76.678
301.46,77.148
344.53,76.73
258.4,77.444
301.46,77.206
301.46,77.177
258.4,77.752
258.4,77.746
258.4,77.717
559.86,78.681
559.86,78.687
559.86,78.663
344.53,79.192
344.53,79.186
344.53,79.197
344.53,79.314
344.53,79.337
344.53,79.435
344.53,79.726
344.53,79.732
344.53,79.708
344.53,80.672
344.53,80.649
344.53,80.678
344.53,80.782
387.6,80.863
301.46,80.974
602.93,81.63
602.93,81.659
602.93,81.653
344.53,82.007
344.53,82.001
301.46,82.001
344.53,82.768
344.53,82.75
344.53,82.715
258.4,83.058
301.46,82.901
258.4,83.133
301.46,83.4
301.46,83.487
301.46,83.458
344.53,84.074
344.53,83.801
344.53,84.068
344.53,84.584
344.53,84.532
344.53,84.555
387.6,85.182
387.6,85.188
344.53,84.892
387.6,85.612
387.6,85.606
387.6,85.519
344.53,86.042
344.53,86.036
344.53,85.908
344.53,86.39
344.53,86.384
344.53,86.396
344.53,87.348
344.53,87.284
344.53,87.365
344.53,87.382
344.53,87.69
344.53,87.4
301.46,88.091
301.46,87.98
301.46,88.085
301.46,88.526
301.46,88.497
301.46,88.555
301.46,89.136
301.46,89.043
301.46,89.141
559.86,89.774
559.86,89.768
559.86,89.803
818.26,90.128
818.26,90.134
818.26,90.122
430.66,90.906
430.66,90.912
473.73,90.947
473.73,91.162
473.73,91.167
473.73,91.156
473.73,91.55
473.73,91.556
473.73,91.545
387.6,92.462
387.6,92.468
344.53,92.462
387.6,92.891
387.6,92.886
387.6,92.897
344.53,93.24
344.53,93.234
344.53,93.309
689.06,93.994
689.06,94
344.53,93.675
344.53,94.215
344.53,94.221
344.53,94.209
344.53,94.645
344.53,94.639
344.53,94.65
86.133,95.092
86.133,95.504
86.133,95.086
86.133,95.678
86.133,95.672
86.133,95.846
344.53,96.52
344.53,96.554
344.53,96.549
344.53,96.566
387.6,96.705
387.6,96.7
387.6,97.164
387.6,97.158
387.6,97.17
344.53,97.593
344.53,97.599
387.6,97.588
473.73,98.592
473.73,98.586
473.73,98.598
430.66,98.963
430.66,98.969
430.66,98.958
430.66,99.306
430.66,99.12
430.66,99.312
861.33,99.672
861.33,99.677
818.26,99.689
430.66,100.29
430.66,100.28
430.66,100.29
129.2,100.7
86.133,100.69
86.133,100.71
215.33,101.42
215.33,101.51
215.33,101.42
387.6,102.16
387.6,102.17
387.6,102.16
430.66,102.44
473.73,102.45
473.73,102.31
473.73,102.87
473.73,102.88
473.73,102.88
473.73,103.21
473.73,103.21
473.73,103.22
387.6,104.03
387.6,104.03
387.6,104.02
387.6,104.37
387.6,104.36
387.6,104.34
344.53,104.93
387.6,104.91
387.6,104.91
430.66,105.45
430.66,105.44
430.66,105.45
387.6,105.97
387.6,105.98
344.53,105.92
344.53,106.35
344.53,106.35
344.53,106.34
473.73,107.06
473.73,107.06
473.73,107.05
258.4,107.8
258.4,107.8
258.4,107.77
344.53,107.87
344.53,107.87
344.53,107.88
387.6,108.56
387.6,108.56
387.6,108.73
387.6,108.87
387.6,108.88
387.6,108.88
473.73,109.59
473.73,109.6
473.73,109.59
430.66,110.26
473.73,109.89
473.73,109.89
818.26,110.71
818.26,110.71
818.26,110.7
818.26,111
818.26,110.99
818.26,111
430.66,111.59
430.66,111.58
430.66,111.58
602.93,111.98
646,111.98
602.93,111.98
732.13,112.8
732.13,112.79
387.6,112.84
387.6,112.98
387.6,112.97
387.6,112.98
818.26,113.55
818.26,113.56
818.26,113.56
904.39,114.45
904.39,114.44
904.39,114.43
947.46,114.68
947.46,114.68
947.46,114.67
947.46,115
947.46,114.99
947.46,115
387.6,115.59
861.33,115.84
387.6,115.63
732.13,116.16
732.13,116.16
732.13,116.15
732.13,116.62
732.13,116.62
732.13,116.63
387.6,117.32
387.6,117.3
387.6,117.34
129.2,118.02
86.133,118.02
129.2,118.02
387.6,118.44
387.6,118.44
387.6,118.43
430.66,118.83
430.66,118.83
387.6,118.78
818.26,119.35
818.26,119.34
818.26,119.46
473.73,119.78
473.73,119.77
473.73,119.79
947.46,120.55
947.46,120.55
947.46,120.56
559.86,121.07
559.86,121.06
947.46,120.62
559.86,121.35
559.86,121.35
559.86,121.38
516.8,122.08
516.8,122.1
516.8,122.07
473.73,122.52
473.73,122.53
473.73,122.49
473.73,122.75
473.73,122.72
473.73,122.71
430.66,123.33
430.66,123.32
430.66,123.35
387.6,124.14
387.6,123.99
387.6,124.1
430.66,124.52
430.66,124.52
430.66,124.53
387.6,124.66
387.6,124.8
129.2,124.82
387.6,125.52
387.6,125.5
387.6,125.47
387.6,125.7
430.66,125.7
387.6,125.69
947.46,126.37
947.46,126.37
947.46,126.36
818.26,127.05
818.26,127.05
818.26,127.04
387.6,127.6
387.6,127.55
387.6,127.53
344.53,127.9
344.53,127.9
344.53,127.91
215.33,128.27
215.33,128.24
258.4,128.27
559.86,128.98
559.86,128.98
559.86,128.99
129.2,129.65
602.93,129.28
129.2,129.74
387.6,129.85
387.6,129.85
344.53,129.85
344.53,130.66
344.53,130.66
344.53,130.65
344.53,131.13
344.53,131.13
344.53,131.14
344.53,131.51
344.53,131.49
344.53,131.46
344.53,131.84
344.53,131.84
344.53,132.05
344.53,132.76
344.53,132.78
344.53,132.8
301.46,133.01
301.46,133.04
344.53,132.86
301.46,133.39
301.46,133.38
301.46,133.43
344.53,134.3
344.53,134.3
344.53,134.29
344.53,134.46
344.53,134.44
344.53,134.46
387.6,135.29
344.53,135.3
387.6,135.29
344.53,135.63
344.53,135.63
344.53,135.64
344.53,136.26
344.53,136.31
344.53,135.91
387.6,136.41
387.6,136.42
387.6,136.42
344.53,137.27
344.53,137.38
344.53,137.26
344.53,137.57
344.53,137.61
344.53,137.52
344.53,138.19
344.53,138.25
344.53,138.2
301.46,138.76
301.46,138.75
258.4,138.52
344.53,139.08
344.53,139.08
344.53,139.05
344.53,139.48
344.53,139.52
344.53,139.51
129.2,140.25
86.133,139.99
172.27,140.03
258.4,140.92
258.4,140.84
258.4,140.89
301.46,141.3
301.46,141.31
301.46,141.42
344.53,142.01
344.53,142
344.53,142.01
344.53,142.04
344.53,142.03
344.53,142.05
258.4,142.97
258.4,142.94
258.4,142.98
344.53,143.34
344.53,143.34
344.53,143.31
301.46,143.96
344.53,143.78
344.53,143.79
301.46,144.14
301.46,144.11
301.46,144.11
344.53,144.68
344.53,144.68
387.6,144.74
344.53,145.18
344.53,145.36
387.6,145.39
990.53,145.91
990.53,145.89
990.53,145.9
172.27,146.56
473.73,146.56
473.73,146.57
344.53,147.05
344.53,147.1
344.53,147.04
344.53,147.46
344.53,147.46
344.53,147.3
387.6,147.66
387.6,147.65
387.6,147.66
387.6,148.6
387.6,148.61
387.6,148.6
430.66,148.88
430.66,148.97
430.66,148.96
344.53,149.6
344.53,149.48
301.46,149.67
301.46,149.88
258.4,149.81
301.46,150.04
344.53,150.37
344.53,150.41
344.53,150.41
344.53,150.76
344.53,150.75
344.53,150.76
215.33,151.4
215.33,151.41
215.33,151.44
258.4,151.99
258.4,151.99
301.46,152.08
258.4,152.32
258.4,152.28
258.4,152.35
344.53,153.27
344.53,152.94
344.53,153.07
344.53,153.45
344.53,153.45
344.53,153.47
301.46,154.24
301.46,154.27
301.46,154.25
344.53,154.59
344.53,154.6
344.53,154.59
344.53,154.82
344.53,155.27
344.53,154.96
301.46,155.47
301.46,155.5
301.46,155.49
344.53,155.93
344.53,155.98
344.53,155.96
387.6,156.45
387.6,156.44
387.6,156.74
387.6,156.91
387.6,156.91
387.6,156.92
344.53,157.86
301.46,157.86
344.53,157.86
473.73,157.87
387.6,158.3
387.6,158.27
43.066,158.63
43.066,158.63
43.066,158.62
473.73,159.29
473.73,159.28
473.73,159.36
86.133,159.63
129.2,159.63
43.066,159.69
947.46,159.93
947.46,159.94
947.46,159.94
215.33,160.69
215.33,160.68
172.27,160.68
86.133,161.4
129.2,161.39
129.2,161.4
43.066,161.44
387.6,161.46
387.6,161.45
430.66,162.06
430.66,162.08
430.66,162.08
430.66,162.98
430.66,162.97
430.66,162.63
430.66,163.26
430.66,163.27
430.66,163.25
344.53,163.78
344.53,163.8
344.53,163.51
43.066,164.28
43.066,164.27
43.066,164.28
129.2,164.59
172.27,164.6
172.27,164.59
86.133,165.28
86.133,165.27
129.2,165.27
947.46,166.02
947.46,166.03
947.46,166.02
215.33,166.33
215.33,166.34
172.27,166.33
86.133,167.04
86.133,167.04
129.2,167.04
43.066,167.08
43.066,167.09
43.066,167.08
387.6,167.79
344.53,167.85
430.66,167.74
301.46,168.52
301.46,168.54
301.46,168.34
301.46,168.63
301.46,168.59
301.46,168.64
215.33,169.16
215.33,169.15
172.27,169.15
43.066,169.92
43.066,169.92
43.066,169.91
129.2,170.24
172.27,170.24
129.2,170.26
86.133,170.93
86.133,170.92
129.2,170.92
430.66,171.24
430.66,171.24
430.66,171.22
215.33,171.98
215.33,171.98
172.27,171.98
129.2,172.68
215.33,172.25
215.33,172.22
86.133,172.69
86.133,172.69
129.2,172.69
430.66,173.69
430.66,173.68
430.66,173.69
387.6,174.18
387.6,174.21
430.66,174.18
430.66,174.42
430.66,174.42
387.6,174.21
473.73,174.8
215.33,174.81
172.27,174.79
43.066,175.57
430.66,175.73
43.066,175.56
430.66,175.76
129.2,175.89
430.66,175.78
86.133,176.57
86.133,176.58
129.2,176.57
430.66,176.79
387.6,176.79
430.66,176.8
215.33,177.67
215.33,177.67
215.33,177.7
344.53,177.98
215.33,177.98
215.33,177.99
387.6,178.36
387.6,178.34
387.6,178.38
129.2,179
172.27,179.01
129.2,178.82
215.33,179.39
129.2,179.47
129.2,179.48
387.6,180.33
430.66,180.1
387.6,180.34
430.66,180.69
430.66,180.69
430.66,180.68
559.86,181.17
559.86,181.17
559.86,181.18
473.73,181.57
473.73,181.57
473.73,181.58
215.33,181.9
215.33,181.91
473.73,182.16
172.27,182.83
172.27,182.86
172.27,182.85
172.27,183.37
172.27,183.38
215.33,183.3
172.27,183.75
172.27,183.75
172.27,183.74
172.27,184.01
172.27,183.92
172.27,184.02
344.53,184.58
344.53,184.57
344.53,184.58
172.27,185.14
172.27,185.2
172.27,185.19
172.27,185.46
172.27,185.48
172.27,185.54
86.133,186.03
86.133,185.99
86.133,186.02
258.4,186.86
387.6,186.98
387.6,186.98
387.6,186.99
387.6,186.98
387.6,187
516.8,187.62
516.8,187.61
516.8,187.62
559.86,188.05
172.27,188.03
559.86,188.02
430.66,188.6
430.66,188.6
430.66,188.61
430.66,189.32
430.66,189.31
430.66,189.35
430.66,189.99
430.66,189.98
430.66,189.99
215.33,190.2
172.27,190.15
172.27,190.15
215.33,190.67
215.33,190.66
215.33,190.65
301.46,191.08
301.46,191.07
301.46,191.08
215.33,192.09
258.4,191.79
258.4,191.91
215.33,192.48
215.33,192.48
215.33,192.51
473.73,192.6
473.73,192.61
473.73,192.62
215.33,193.18
215.33,193.26
215.33,193.17
258.4,193.67
258.4,193.64
215.33,193.67
172.27,194.62
172.27,194.63
172.27,194.6
172.27,194.73
172.27,194.73
172.27,194.72
215.33,195.41
215.33,195.42
215.33,195.5
215.33,196.08
215.33,196.12
215.33,196.09
172.27,196.68
172.27,196.67
172.27,196.67
172.27,196.69
172.27,196.77
172.27,196.76
172.27,197.21
172.27,197.2
172.27,197.21
258.4,198.14
258.4,198.15
258.4,198.22
129.2,198.27
172.27,198.61
172.27,198.33
172.27,199.16
172.27,199.15
172.27,199.15
172.27,199.24
172.27,199.26
172.27,199.28
430.66,200.07
430.66,200.07
430.66,200.06
473.73,200.27
473.73,200.27
473.73,200.28
172.27,201.29
387.6,200.93
172.27,201.25
430.66,201.71
430.66,201.72
430.66,201.71
430.66,202.08
430.66,202.07
430.66,202.08
602.93,202.33
602.93,202.34
646,202.33
559.86,203.33
559.86,203.33
559.86,203.32
43.066,203.8
430.66,203.74
43.066,203.81
215.33,203.87
86.133,203.89
602.93,204.1
43.066,204.85
86.133,204.81
43.066,204.86
43.066,204.88
43.066,204.87
689.06,205.06
215.33,205.86
344.53,205.86
387.6,205.86
602.93,206.04
602.93,206.07
602.93,206.02
86.133,206.58
86.133,206.57
43.066,206.61
215.33,207.29
43.066,206.97
215.33,207.28
602.93,207.55
602.93,207.56
602.93,207.57
86.133,208.35
86.133,208.38
129.2,208.35
344.53,208.68
344.53,208.68
215.33,208.68
516.8,209.03
516.8,209.03
516.8,209.02
43.066,209.46
86.133,209.46
602.93,209.85
129.2,210.45
689.06,210.26
689.06,210.27
43.066,210.51
43.066,210.53
43.066,210.5
301.46,211.5
301.46,211.5
559.86,211.5
301.46,211.5
559.86,211.5
559.86,211.52
86.133,212.22
86.133,212.22
129.2,212.22
689.06,213.04
689.06,213.01
689.06,212.97
689.06,213.06
689.06,213.04
689.06,213.04
602.93,213.86
602.93,213.86
602.93,213.84
387.6,214.43
344.53,214.33
473.73,214.33
430.66,215.06
387.6,215.06
129.2,215.04
215.33,215.5
430.66,215.56
430.66,215.55
387.6,215.75
387.6,215.84
430.66,215.6
473.73,216.18
473.73,216.12
473.73,216.55
473.73,216.65
473.73,216.63
473.73,216.64
215.33,217.15
215.33,217.16
215.33,217.15
86.133,217.87
129.2,217.86
172.27,217.86
172.27,218.6
172.27,218.63
215.33,218.6
172.27,218.66
172.27,218.69
215.33,218.67
559.86,219.3
559.86,219.33
559.86,219.34
344.53,219.97
344.53,219.98
387.6,219.97
473.73,220.49
516.8,220.46
473.73,220.48
387.6,220.71
344.53,220.71
344.53,220.71
172.27,221.47
172.27,221.48
172.27,221.45
86.133,221.74
43.066,221.81
129.2,221.74
172.27,222.49
172.27,222.46
172.27,222.48
344.53,222.98
344.53,222.88
344.53,222.99
129.2,223.55
129.2,223.56
129.2,223.57
344.53,224.21
86.133,223.87
129.2,223.87
43.066,224.61
43.066,224.61
86.133,224.57
258.4,224.82
215.33,224.82
301.46,224.84
344.53,225.65
387.6,225.64
387.6,225.65
344.53,226.02
344.53,225.99
344.53,226.03
344.53,226.55
344.53,226.62
344.53,226.64
387.6,226.91
387.6,226.91
387.6,226.92
344.53,227.63
344.53,227.63
344.53,227.64
344.53,228
344.53,227.97
387.6,228
344.53,228.52
344.53,228.52
344.53,228.53
301.46,229.13
301.46,228.93
344.53,229.38
344.53,229.39
344.53,229.4
344.53,229.4
172.27,229.91
215.33,229.96
344.53,229.9
430.66,230.92
86.133,230.92
215.33,230.92
258.4,231.21
258.4,231.21
258.4,231.18
301.46,231.87
301.46,231.73
301.46,231.82
344.53,232.29
344.53,232.44
344.53,232.32
344.53,232.59
344.53,232.75
344.53,232.6
258.4,233.31
258.4,233.34
301.46,233.41
344.53,233.67
344.53,233.69
344.53,233.66
301.46,234.31
344.53,234.21
344.53,234.21
344.53,235
344.53,234.99
344.53,235
344.53,235
344.53,235.06
387.6,235.15
344.53,235.53
387.6,235.59
344.53,235.54
990.53,236.26
990.53,236.25
990.53,236.26
301.46,237.02
301.46,237.03
301.46,237.02
344.53,237.37
344.53,237.37
344.53,237.36
344.53,237.65
344.53,237.81
344.53,237.81
344.53,238.24
344.53,238.19
344.53,238.21
473.73,239.06
473.73,239.07
473.73,239.07
430.66,239.36
430.66,239.3
430.66,239.32
344.53,239.93
344.53,239.91
344.53,240.05
258.4,240.15
258.4,240.18
301.46,240.51
344.53,240.73
344.53,240.72
344.53,240.76
344.53,241.19
344.53,241.19
344.53,241.2
559.86,241.8
559.86,241.8
559.86,241.82
258.4,242.29
258.4,242.67
258.4,242.36
301.46,243.04
258.4,242.67
301.46,243.04
344.53,243.5
344.53,243.51
344.53,243.51
344.53,243.84
344.53,243.83
344.53,243.83
301.46,244.66
301.46,244.66
344.53,244.63
344.53,244.95
344.53,244.94
344.53,244.95
344.53,245.59
344.53,245.5
344.53,245.59
344.53,246.15
344.53,246.14
301.46,246.06
344.53,246.32
344.53,246.31
344.53,246.31
387.6,247.14
387.6,247.13
387.6,247.12
387.6,247.41
387.6,247.41
387.6,247.4
215.33,248.22
215.33,248.21
344.53,248.21
344.53,248.39
344.53,248.29
387.6,248.4
129.2,248.85
129.2,248.95
172.27,248.97
344.53,249.33
301.46,249.33
344.53,249.36
129.2,249.85
86.133,250.03
86.133,249.85
258.4,250.33
86.133,250.34
86.133,250.52
86.133,250.86
86.133,250.88
86.133,250.98
86.133,251.4
86.133,251.37
86.133,251.45
86.133,251.86
86.133,251.89
86.133,251.91
86.133,252.41
86.133,252.38
86.133,252.43
86.133,252.89
86.133,252.95
86.133,252.92
86.133,253.41
86.133,253.42
86.133,253.44
86.133,253.9
86.133,253.93
86.133,253.93
86.133,254.92
86.133,254.91
86.133,254.93
86.133,254.94
86.133,254.93
43.066,254.94
344.53,255.54
344.53,255.44
344.53,255.53
344.53,256.03
344.53,255.98
344.53,256.03
258.4,256.47
258.4,256.49
258.4,256.52
344.53,257
344.53,257
258.4,257.42
258.4,257.51
258.4,257.49
258.4,257.48
344.53,258.03
344.53,258.03
344.53,258.04
258.4,258.52
258.4,258.5
301.46,258.52
344.53,259.05
344.53,259.05
344.53,259.1
516.8,259.52
301.46,259.54
516.8,259.53
387.6,260.05
430.66,260.08
430.66,260.07
430.66,260.82
430.66,260.82
473.73,261.03
387.6,261.25
387.6,261.24
430.66,261.32
387.6,261.72
732.13,261.79
387.6,261.72
818.26,262.59
818.26,262.58
818.26,262.58
818.26,262.59
818.26,262.59
818.26,262.6
430.66,263.47
430.66,263.47
430.66,263.48
430.66,263.78
430.66,263.78
430.66,263.79
86.133,264.27
86.133,264.26
86.133,264.27
430.66,264.88
430.66,264.89
430.66,264.87
387.6,265.58
387.6,265.58
344.53,265.58
430.66,265.81
430.66,265.82
430.66,265.8
86.133,266.68
129.2,266.64
86.133,266.67
86.133,266.68
86.133,266.88
86.133,266.87
818.26,267.29
818.26,267.28
818.26,267.3
430.66,267.76
430.66,267.77
473.73,267.77
215.33,268.48
215.33,268.63
215.33,268.47
129.2,269.19
2067.2,268.74
129.2,269.18
86.133,269.49
86.133,269.29
86.133,269.25
344.53,269.76
387.6,269.95
2584,269.83
344.53,270.45
344.53,270.45
2110.3,270.55
2110.3,270.81
2110.3,270.84
2110.3,270.82
689.06,271.33
689.06,271.34
689.06,271.33
904.39,271.8
904.39,271.8
947.46,272.13
947.46,272.35
947.46,272.35
947.46,272.39
904.39,272.9
947.46,272.9
947.46,272.9
947.46,273.83
947.46,273.33
947.46,273.33
947.46,273.91
947.46,273.83
947.46,273.83
947.46,274.46
947.46,274.45
1421.2,274.53
904.39,274.85
947.46,274.92
947.46,274.92
818.26,275.82
818.26,275.81
818.26,275.82
602.93,276.11
602.93,276.12
602.93,276.11
344.53,276.76
344.53,276.77
387.6,276.77
689.06,276.89
301.46,277.33
689.06,276.9
344.53,277.78
344.53,277.77
301.46,277.52
344.53,277.94
344.53,277.94
344.53,277.95
301.46,278.85
301.46,278.61
301.46,278.86
602.93,279.21
602.93,279.2
602.93,279.21
689.06,279.84
689.06,279.75
689.06,279.75
689.06,280.31
689.06,280.29
689.06,280.28
689.06,280.69
689.06,280.54
689.06,280.54
689.06,281.15
689.06,281.15
689.06,280.98
732.13,281.7
732.13,281.7
732.13,281.76
732.13,282.02
732.13,282.01
732.13,282.02
689.06,282.74
689.06,282.71
689.06,282.73
689.06,283.36
689.06,283.37
689.06,283.36
344.53,283.74
344.53,283.74
344.53,283.71
344.53,284.13
344.53,284.08
344.53,284.18
344.53,284.58
344.53,284.57
344.53,284.55
559.86,285.41
559.86,285.4
602.93,285.36
86.133,286.05
86.133,286.01
344.53,286.08
344.53,286.49
301.46,286.57
301.46,286.59
344.53,287.02
344.53,286.86
344.53,286.87
344.53,287.22
344.53,287.25
344.53,287.25
301.46,287.63
301.46,287.63
602.93,287.88
86.133,288.41
258.4,288.44
86.133,288.44
689.06,288.66
689.06,288.67
689.06,288.68
1378.1,289.66
1378.1,289.66
1378.1,289.65
1378.1,289.66
1378.1,289.99
1378.1,289.67
689.06,290.48
689.06,290.48
689.06,290.47
301.46,291.11
301.46,291.09
301.46,291.06
301.46,291.2
344.53,291.22
344.53,291.71
344.53,291.78
344.53,291.78
344.53,291.71
215.33,292.63
215.33,292.61
215.33,292.65
215.33,293.22
215.33,293.22
215.33,292.77
215.33,293.24
215.33,293.28
215.33,293.26
344.53,293.81
344.53,293.81
344.53,294.23
387.6,294.67
387.6,294.54
344.53,294.28
129.2,295.22
215.33,294.81
215.33,294.81
172.27,295.61
86.133,295.61
172.27,295.61
344.53,295.82
344.53,295.82
344.53,296.21
344.53,296.31
344.53,296.3
344.53,296.41
947.46,297.07
947.46,297.08
947.46,297.06
215.33,297.8
215.33,297.79
258.4,297.82
86.133,297.99
86.133,298
387.6,298.07
344.53,298.56
344.53,298.5
344.53,298.51
129.2,299.24
129.2,299.23
129.2,299.24
129.2,299.37
129.2,299.4
129.2,299.39
129.2,300.05
129.2,300.14
129.2,300.22
86.133,300.41
86.133,300.41
86.133,300.44
818.26,301.17
818.26,301.17
818.26,301.16
689.06,301.65
689.06,301.64
689.06,301.63
732.13,301.97
732.13,301.96
732.13,302.02
86.133,302.82
86.133,302.81
732.13,302.92
86.133,302.98
86.133,302.95
732.13,302.94
86.133,303.47
86.133,303.46
86.133,303.5
172.27,304.44
172.27,304.45
172.27,304.46
301.46,304.79
258.4,304.79
301.46,304.8
301.46,305.2
258.4,305.2
301.46,305.21
86.133,305.5
86.133,305.52
86.133,305.57
86.133,306.01
86.133,306.03
86.133,306.09
732.13,306.81
732.13,306.82
732.13,306.81
689.06,307.04
689.06,307.03
689.06,307.17
129.2,307.62
172.27,307.62
86.133,307.61
344.53,308.29
344.53,308.18
344.53,308.18
344.53,308.58
344.53,308.58
344.53,308.78
258.4,309.59
258.4,309.58
301.46,309.59
129.2,310.03
129.2,310.02
86.133,310
86.133,310.39
86.133,310.4
344.53,310.22
646,310.76
646,310.75
646,310.76
301.46,311.19
344.53,311.19
301.46,311.21
86.133,311.72
86.133,311.71
86.133,311.7
86.133,312.41
86.133,312.4
86.133,312.41
86.133,312.69
86.133,312.66
86.133,312.77
172.27,313.2
86.133,313.2
86.133,313.21
387.6,313.89
387.6,313.74
387.6,314.16
129.2,314.42
129.2,314.68
129.2,314.62
86.133,314.8
86.133,314.8
86.133,314.81
86.133,315.21
86.133,315.22
86.133,315.23
86.133,315.73
86.133,315.74
86.133,315.72
86.133,316.23
86.133,316.24
86.133,316.26
86.133,316.75
86.133,316.74
86.133,316.74
86.133,317.26
86.133,317.25
86.133,317.27
86.133,317.78
86.133,317.77
86.133,317.77
86.133,318.28
86.133,318.27
86.133,318.3
86.133,318.8
86.133,318.78
86.133,318.79
86.133,319.3
86.133,319.31
86.133,319.29
818.26,319.85
818.26,319.85
818.26,319.88
86.133,320.7
43.066,320.71
43.066,320.71
86.133,321.13
86.133,321.13
129.2,321.08
129.2,321.71
129.2,321.7
43.066,321.76
215.33,322
129.2,322.33
430.66,322.05
86.133,322.69
86.133,322.69
86.133,322.39
43.066,323.22
43.066,323.21
43.066,323.22
43.066,323.64
86.133,323.64
43.066,323.63
129.2,324.2
43.066,324.27
86.133,324.26
344.53,324.84
344.53,324.85
215.33,324.5
430.66,325.17
86.133,325.2
430.66,325.18
43.066,325.72
43.066,325.71
43.066,325.72
129.2,326.08
172.27,326.07
129.2,326.08
129.2,326.7
43.066,326.77
43.066,326.76
215.33,327
215.33,327
430.66,327.2
129.2,327.64
86.133,327.69
86.133,327.7
43.066,328.21
43.066,328.21
43.066,328.22
43.066,328.64
86.133,328.63
86.133,328.62
129.2,329.2
129.2,329.21
172.27,329.2
129.2,329.83
43.066,329.89
43.066,329.89
86.133,330.19
129.2,330.14
86.133,330.2
43.066,330.72
43.066,330.71
43.066,330.72
129.2,331.08
129.2,331.08
172.27,331.07
129.2,331.7
172.27,331.69
172.27,331.7
43.066,332.39
86.133,332.39
129.2,332.33
86.133,332.7
86.133,332.69
43.066,332.7
43.066,333.21
43.066,333.22
43.066,333.21
43.066,333.64
86.133,333.64
43.066,333.64
215.33,334.5
129.2,334.2
172.27,334.19
258.4,334.85
559.86,334.99
559.86,334.98
129.2,335.14
86.133,335.19
86.133,335.2
43.066,335.71
43.066,335.72
43.066,335.71
43.066,336.15
43.066,336.2
43.066,336.19
129.2,336.71
129.2,336.7
43.066,336.76
129.2,337.64
172.27,337.64
129.2,337.33
86.133,337.69
86.133,337.69
86.133,337.7
43.066,338.21
43.066,338.22
43.066,338.22
129.2,339.2
129.2,339.2
129.2,339.21
215.33,339.5
43.066,339.27
86.133,339.26
86.133,339.89
43.066,339.89
129.2,339.83
473.73,340.45
473.73,340.45
473.73,340.44
473.73,341.12
473.73,341.12
473.73,341.11
559.86,341.6
559.86,341.62
559.86,341.59
516.8,342.13
473.73,341.92
473.73,341.91
86.133,342.66
86.133,342.67
129.2,342.64
86.133,343.13
86.133,343.13
86.133,343.17
129.2,343.59
129.2,343.58
86.133,343.59
86.133,343.92
86.133,343.91
86.133,343.89
86.133,344.39
86.133,344.83
86.133,344.46
86.133,345.16
86.133,345.17
129.2,345.14
86.133,345.63
86.133,345.7
86.133,345.71
129.2,346.08
86.133,346.09
43.066,346.17
86.133,346.41
86.133,346.42
86.133,346.4
86.133,347.34
86.133,346.96
129.2,347.34
86.133,347.67
86.133,347.66
86.133,347.67
86.133,348.14
86.133,348.13
86.133,348.17
86.133,348.91
86.133,348.92
86.133,348.91
86.133,348.92
86.133,349.38
86.133,349.01
86.133,349.84
129.2,349.83
43.066,349.92
86.133,350.17
129.2,350.14
86.133,350.16
86.133,350.7
86.133,350.63
86.133,350.71
86.133,351.39
86.133,351.17
86.133,351.42
86.133,351.89
86.133,351.52
86.133,351.51
86.133,352.42
86.133,352.33
86.133,352.44
86.133,352.67
86.133,352.68
86.133,352.66
86.133,353.2
129.2,353.12
86.133,353.19
86.133,353.9
86.133,353.91
86.133,353.67
129.2,354.37
86.133,354.46
86.133,354.45
129.2,354.83
86.133,354.92
43.066,354.92
86.133,355.17
86.133,355.17
129.2,355.14
172.27,356.07
172.27,356.06
86.133,355.64
86.133,356.39
86.133,356.4
86.133,356.08
86.133,356.88
86.133,356.96
86.133,356.95
86.133,357.42
86.133,357.44
86.133,357.34
86.133,357.67
86.133,357.67
86.133,357.66
129.2,358.12
86.133,358.2
86.133,358.59
86.133,358.89
86.133,358.68
129.2,358.89
86.133,359.46
86.133,359.45
86.133,359.44
43.066,360.14
43.066,359.92
43.066,360.15
43.066,360.39
43.066,360.39
86.133,360.39
43.066,360.68
43.066,360.68
43.066,360.69
86.133,361.58
86.133,361.67
86.133,361.22
86.133,362.16
43.066,362.16
86.133,361.82
86.133,362.3
86.133,362.49
43.066,362.2
43.066,363
43.066,363.01
86.133,362.72
86.133,363.28
43.066,363.38
43.066,363.28
86.133,364.12
43.066,364.12
43.066,364.11
43.066,364.56
86.133,364.56
86.133,364.56
43.066,364.9
43.066,364.91
43.066,364.9
86.133,365.71
86.133,365.77
86.133,365.33
86.133,366.13
43.066,365.85
43.066,366.13
86.133,366.43
86.133,366.42
43.066,366.51
86.133,367.14
43.066,366.8
43.066,366.89
86.133,367.48
43.066,367.66
43.066,367.61
86.133,367.82
86.133,367.94
43.066,367.98
86.133,368.34
86.133,368.33
43.066,368.33
