344.53,0.10449
344.53,0.11029
344.53,0.1161
172.27,0.53986
172.27,0.53406
172.27,0.55728
818.26,1.1784
818.26,1.1726
818.26,1.1552
258.4,1.7763
258.4,1.7705
258.4,1.8054
215.33,2.5716
258.4,2.3975
258.4,2.5368
258.4,2.618
861.33,2.9954
559.86,2.7922
172.27,3.454
172.27,3.4598
172.27,3.4656
172.27,4.0519
172.27,4.0577
172.27,4.0461
559.86,4.1041
559.86,4.1099
559.86,4.1157
215.33,4.9865
215.33,5.0445
215.33,4.9981
215.33,5.5322
215.33,5.5263
215.33,5.567
172.27,5.9211
172.27,5.9153
172.27,5.9269
258.4,6.3042
258.4,6.2171
258.4,6.2462
516.8,6.7686
516.8,6.7628
516.8,6.7744
516.8,7.1808
516.8,7.1866
516.8,7.1924
1292,7.9877
1162.8,8.0689
1292,7.9819
602.93,8.423
602.93,8.4288
602.93,8.4172
473.73,8.7133
473.73,8.7075
473.73,8.7307
258.4,9.5202
258.4,9.6827
258.4,9.4912
818.26,9.9323
516.8,9.8569
516.8,9.8627
559.86,10.321
559.86,10.315
559.86,10.327
775.2,10.96
775.2,10.966
775.2,10.971
559.86,11.546
559.86,11.54
559.86,11.552
473.73,11.958
473.73,11.964
516.8,12.092
258.4,12.608
258.4,12.614
473.73,12.37
430.66,13.026
430.66,13.032
430.66,13.021
344.53,13.508
344.53,13.514
344.53,13.502
172.27,13.99
172.27,13.903
172.27,13.897
818.26,14.443
818.26,14.437
559.86,14.739
258.4,15.105
258.4,15.139
258.4,15.099
258.4,15.766
258.4,15.732
258.4,15.836
258.4,15.871
559.86,16.004
559.86,15.97
172.27,16.771
172.27,16.788
172.27,16.776
559.86,17.374
172.27,17.38
172.27,17.386
559.86,17.409
559.86,17.403
559.86,17.438
215.33,18.274
215.33,18.268
215.33,18.262
215.33,18.826
215.33,18.831
215.33,18.866
430.66,19.238
473.73,19.244
473.73,19.238
1292,19.458
1292,19.47
1292,19.464
559.86,20.062
559.86,20.056
559.86,20.068
516.8,20.521
516.8,20.515
258.4,20.497
258.4,21.008
602.93,21.473
602.93,21.467
602.93,21.763
602.93,21.757
602.93,21.769
215.33,22.013
215.33,22.047
258.4,22.047
473.73,22.825
473.73,22.831
516.8,23.005
516.8,23.237
516.8,23.243
516.8,23.232
559.86,23.679
559.86,23.673
559.86,23.684
559.86,24.05
559.86,24.056
559.86,24.044
559.86,25.031
559.86,25.025
559.86,25.02
473.73,25.292
473.73,25.298
516.8,25.292
258.4,25.734
258.4,25.739
258.4,25.728
430.66,26.355
430.66,26.36
430.66,26.349
473.73,26.691
473.73,26.686
473.73,26.79
258.4,27.597
473.73,27.092
473.73,27.115
215.33,27.794
258.4,27.62
215.33,27.765
258.4,28.439
258.4,28.433
258.4,28.473
258.4,28.653
258.4,28.648
1033.6,28.944
1119.7,29.263
258.4,29.251
1119.7,29.257
172.27,30.11
172.27,30.116
172.27,30.105
172.27,30.157
172.27,30.163
172.27,30.169
559.86,30.912
559.86,30.877
559.86,30.883
215.33,31.364
215.33,31.393
215.33,31.359
215.33,32.2
215.33,32.171
215.33,32.177
215.33,32.212
215.33,32.206
215.33,32.218
258.4,33.007
258.4,32.967
258.4,33.001
215.33,33.431
172.27,33.431
215.33,33.437
473.73,34.157
473.73,34.162
473.73,34.168
775.2,34.569
516.8,34.72
775.2,34.575
258.4,34.871
258.4,34.836
258.4,34.865
516.8,35.532
516.8,35.538
516.8,35.544
602.93,35.956
602.93,35.95
301.46,35.927
559.86,36.571
559.86,36.577
559.86,36.566
559.86,36.85
559.86,36.856
559.86,36.862
215.33,37.454
215.33,37.413
215.33,37.396
215.33,38.197
818.26,38.261
215.33,38.203
818.26,38.33
818.26,38.754
818.26,38.766
818.26,39.329
818.26,39.335
818.26,39.288
861.33,39.462
861.33,39.445
861.33,39.468
344.53,40.281
344.53,40.287
344.53,40.304
258.4,40.757
215.33,40.757
258.4,40.751
516.8,41.163
516.8,41.157
516.8,41.169
215.33,41.523
473.73,41.883
258.4,41.54
473.73,41.982
473.73,41.976
473.73,41.987
516.8,42.812
473.73,42.829
473.73,42.585
258.4,43.131
301.46,43.265
258.4,43.201
258.4,43.543
258.4,43.549
215.33,43.584
473.73,44.048
473.73,44.042
215.33,44.28
430.66,44.478
430.66,44.472
430.66,44.466
602.93,44.983
602.93,44.977
602.93,44.989
215.33,45.517
215.33,45.523
215.33,45.511
258.4,46.341
215.33,46.196
215.33,46.138
43.066,46.753
86.133,46.748
86.133,46.759
516.8,47.415
516.8,47.421
86.133,47.096
215.33,47.566
258.4,47.572
215.33,47.572
646,48.234
646,48.228
646,48.239
301.46,48.64
301.46,48.646
344.53,48.646
646,49.505
646,49.511
646,49.499
689.06,49.598
689.06,49.679
689.06,49.685
86.133,50.109
86.133,50.114
86.133,50.498
86.133,50.631
86.133,50.649
86.133,50.805
516.8,51.548
559.86,51.548
516.8,51.275
258.4,51.943
258.4,51.937
258.4,51.926
516.8,52.576
516.8,52.553
516.8,52.558
258.4,53.092
258.4,53.127
258.4,53.087
301.46,53.226
301.46,53.22
258.4,53.191
86.133,53.702
689.06,54.056
86.133,53.859
473.73,54.294
473.73,54.288
473.73,54.3
602.93,54.898
602.93,54.892
602.93,54.904
301.46,55.333
301.46,55.327
301.46,55.339
559.86,55.745
559.86,55.74
559.86,55.751
646,56.337
646,56.32
646,56.332
258.4,57.15
473.73,56.767
86.133,56.773
86.133,57.527
86.133,57.487
86.133,57.591
559.86,58.224
559.86,58.218
559.86,58.23
301.46,58.642
301.46,58.648
301.46,58.636
646,59.066
646,59.072
602.93,59.06
904.39,59.443
301.46,59.687
301.46,59.681
86.133,60.041
602.93,59.913
602.93,59.907
86.133,60.709
86.133,60.447
86.133,60.534
258.4,60.912
86.133,60.854
258.4,60.918
646,61.556
646,61.562
646,61.568
301.46,61.945
301.46,61.951
301.46,61.957
646,62.404
646,62.398
646,62.81
689.06,62.885
689.06,62.856
689.06,62.891
86.133,63.402
86.133,63.449
86.133,63.396
86.133,64.238
86.133,63.93
86.133,63.913
86.133,64.395
86.133,64.453
86.133,64.412
258.4,65.213
258.4,65.271
258.4,65.207
258.4,65.48
258.4,65.666
258.4,65.689
258.4,66.02
258.4,66.014
258.4,66.038
215.33,66.757
301.46,66.554
301.46,66.56
86.133,67.111
86.133,67.437
86.133,67.129
86.133,67.576
86.133,67.541
86.133,67.558
86.133,68.005
86.133,68.145
86.133,68.04
86.133,68.661
86.133,68.592
86.133,68.522
258.4,69.486
473.73,69.457
258.4,69.48
258.4,69.695
258.4,69.7
258.4,69.689
86.133,70.072
129.2,70.072
818.26,70.002
86.133,70.931
86.133,70.827
86.133,70.629
129.2,71.367
86.133,71.367
86.133,71.349
559.86,71.57
559.86,71.576
559.86,71.564
86.133,72.057
86.133,72.44
86.133,72.249
258.4,73.05
258.4,73.056
258.4,73.067
86.133,73.445
86.133,73.439
86.133,73.427
86.133,73.601
86.133,73.683
129.2,73.683
215.33,74.257
215.33,74.252
258.4,74.246
86.133,74.896
86.133,74.89
86.133,74.902
86.133,75.523
86.133,75.54
86.133,75.517
215.33,75.918
258.4,75.918
215.33,75.923
86.133,76.452
86.133,76.399
86.133,76.243
86.133,76.765
86.133,76.771
86.133,76.777
86.133,77.415
86.133,77.456
86.133,77.473
86.133,77.938
86.133,77.897
86.133,77.955
86.133,78.24
86.133,78.245
86.133,78.234
86.133,78.855
86.133,78.849
86.133,78.861
86.133,79.708
215.33,79.25
215.33,79.256
86.133,80.091
86.133,80.097
86.133,80.103
86.133,80.277
86.133,80.55
86.133,80.602
215.33,80.922
86.133,80.91
86.133,80.875
86.133,81.566
86.133,81.56
86.133,81.554
86.133,82.187
86.133,82.193
43.066,82.187
129.2,82.535
129.2,82.53
129.2,82.553
129.2,82.843
129.2,82.808
129.2,82.826
86.133,83.435
86.133,83.429
86.133,83.423
86.133,84.05
86.133,84.056
86.133,84.091
86.133,84.695
86.133,84.701
86.133,84.474
86.133,85.049
86.133,85.281
86.133,85.223
86.133,85.519
86.133,85.513
86.133,85.525
129.2,86.332
129.2,86.129
86.133,86.349
86.133,86.767
86.133,86.773
86.133,86.349
86.133,86.976
86.133,86.889
86.133,86.959
559.86,87.406
559.86,87.412
559.86,87.417
86.133,88.224
86.133,88.23
86.133,88.218
86.133,88.863
86.133,88.869
86.133,88.84
215.33,89.252
258.4,89.246
258.4,89.252
258.4,89.879
258.4,89.884
258.4,89.873
86.133,90.099
86.133,90.105
86.133,90.093
258.4,90.912
215.33,90.918
258.4,90.918
559.86,91.15
559.86,91.156
516.8,91.15
86.133,91.562
86.133,91.568
86.133,91.556
86.133,92.177
86.133,92.172
86.133,92.206
430.66,92.578
430.66,92.584
473.73,92.578
86.133,93.437
86.133,93.431
86.133,93.443
86.133,93.919
86.133,93.901
86.133,93.849
215.33,94.25
215.33,94.256
258.4,94.25
86.133,94.894
86.133,94.9
86.133,94.888
86.133,95.515
86.133,95.539
86.133,95.521
215.33,95.916
215.33,95.922
86.133,95.544
129.2,96.16
129.2,96.154
129.2,96.171
86.133,96.769
86.133,96.775
86.133,96.763
86.133,97.408
86.133,97.402
86.133,97.414
86.133,98.017
86.133,98.011
86.133,98.023
86.133,98.319
86.133,98.261
86.133,98.162
86.133,98.638
86.133,98.644
86.133,98.633
215.33,99.254
86.133,99.48
86.133,99.631
86.133,100.11
86.133,100.11
86.133,100.1
129.2,100.59
129.2,100.52
129.2,100.62
129.2,100.66
129.2,100.71
215.33,100.92
86.133,101.56
86.133,101.56
86.133,101.55
86.133,102.18
86.133,102.17
86.133,102.19
86.133,102.19
86.133,102.2
86.133,102.2
129.2,102.78
430.66,102.79
775.2,103.21
86.133,103.43
86.133,103.43
86.133,103.42
86.133,103.81
86.133,103.87
86.133,103.75
86.133,104.62
86.133,104.6
86.133,104.56
86.133,104.9
86.133,104.9
86.133,104.89
86.133,105.52
86.133,105.51
86.133,105.52
86.133,105.81
86.133,105.87
86.133,106.06
86.133,106.77
86.133,106.76
86.133,106.78
86.133,106.78
86.133,106.79
129.2,107.19
129.2,107.33
129.2,107.35
215.33,107.58
86.133,108.23
86.133,108.22
86.133,108.23
86.133,108.33
86.133,108.8
86.133,108.38
86.133,108.86
86.133,108.86
86.133,108.87
559.86,109.38
559.86,109.38
559.86,109.37
86.133,110.1
86.133,110.1
86.133,110.11
86.133,110.72
86.133,110.72
86.133,110.73
86.133,111.35
86.133,111.35
86.133,111.36
86.133,111.82
86.133,111.78
86.133,111.85
86.133,111.96
86.133,111.95
86.133,112.19
86.133,112.81
86.133,112.81
86.133,112.8
86.133,113.03
86.133,113.02
86.133,113.03
86.133,113.44
86.133,113.44
86.133,113.43
258.4,114.25
258.4,114.24
215.33,114.25
646,114.88
646,114.89
646,114.87
86.133,115.1
86.133,115.1
86.133,115.11
86.133,115.51
86.133,115.52
86.133,115.51
646,116.15
646,116.15
646,116.14
86.133,116.77
86.133,116.77
86.133,116.76
86.133,117
86.133,117.04
86.133,117.12
301.46,117.81
301.46,117.8
516.8,117.6
86.133,118.24
86.133,118.23
86.133,118.24
86.133,118.85
86.133,118.85
86.133,118.84
215.33,119.25
646,119.07
689.06,119.07
86.133,119.64
86.133,119.66
86.133,119.66
86.133,120.11
86.133,120.1
86.133,120.11
215.33,120.92
516.8,120.92
258.4,120.92
86.133,121.53
86.133,121.53
86.133,121.54
86.133,121.77
86.133,121.77
86.133,121.78
86.133,122.18
86.133,122.17
86.133,122.18
86.133,122.77
86.133,122.76
602.93,122.89
86.133,123.43
86.133,123.44
86.133,123.44
86.133,124.05
86.133,124.06
86.133,124.06
215.33,124.26
344.53,124.25
86.133,124.18
86.133,124.69
86.133,124.69
86.133,124.68
947.46,125.67
947.46,125.67
215.33,125.29
86.133,125.72
646,125.71
86.133,125.72
258.4,126.53
258.4,126.54
301.46,126.54
86.133,126.76
86.133,126.77
86.133,126.76
258.4,127.58
258.4,127.58
215.33,127.58
646,128.23
646,128.22
646,128.23
86.133,128.44
86.133,128.44
86.133,128.45
86.133,128.85
86.133,128.85
86.133,128.86
646,129.5
646,129.51
689.06,129.57
86.133,130.1
86.133,130.1
86.133,130.11
86.133,130.32
86.133,130.4
86.133,130.69
516.8,130.91
215.33,130.92
430.66,130.91
86.133,131.56
86.133,131.56
86.133,131.57
86.133,132.19
86.133,132.19
86.133,132.2
215.33,132.59
86.133,132.78
86.133,132.79
86.133,132.99
86.133,132.97
86.133,132.91
86.133,133.44
86.133,133.43
86.133,133.45
215.33,134.25
86.133,134.12
129.2,134.12
86.133,134.76
86.133,134.57
86.133,134.75
86.133,135.11
86.133,135.11
86.133,135.09
86.133,135.52
86.133,135.52
86.133,135.53
258.4,136.18
258.4,136.15
258.4,136.17
86.133,136.77
86.133,136.77
86.133,136.78
86.133,137.39
86.133,137.39
86.133,137.38
215.33,137.58
86.133,137.43
86.133,137.51
86.133,138.03
86.133,138.02
86.133,138.01
215.33,138.63
86.133,138.51
86.133,138.53
86.133,139.06
86.133,139.05
86.133,139.47
129.2,139.66
86.133,139.88
86.133,139.88
86.133,140.12
86.133,140.08
86.133,140.06
646,140.93
602.93,140.93
646,140.94
689.06,141.03
689.06,141.03
129.2,141.52
86.133,141.56
86.133,141.57
86.133,141.55
86.133,142.18
86.133,142.18
86.133,142.2
689.06,142.77
689.06,142.77
689.06,142.72
86.133,143.24
86.133,143.24
86.133,143.44
473.73,144.03
473.73,144.04
473.73,144.03
344.53,144.26
387.6,144.25
430.66,144.25
86.133,144.89
86.133,144.9
86.133,144.89
86.133,145.52
86.133,145.53
86.133,145.51
344.53,145.94
344.53,145.93
646,145.97
86.133,146.56
86.133,146.57
86.133,146.56
86.133,146.78
86.133,146.76
86.133,146.78
516.8,147.6
516.8,147.6
215.33,147.59
86.133,148.07
86.133,148.02
86.133,148.09
86.133,148.22
86.133,148.23
86.133,148.22
86.133,148.85
86.133,148.84
86.133,148.86
516.8,149.45
516.8,149.46
215.33,149.25
86.133,149.88
86.133,149.89
86.133,150.11
86.133,150.71
86.133,150.71
516.8,150.22
86.133,150.73
86.133,150.72
86.133,150.71
86.133,151.35
86.133,151.35
86.133,151.37
689.06,151.84
689.06,151.83
689.06,151.85
86.133,152.39
86.133,152.39
86.133,152.38
86.133,153.01
86.133,153.02
86.133,153.03
86.133,153.43
86.133,153.44
86.133,153.44
387.6,154.07
387.6,154.08
215.33,154.26
1421.2,154.69
1765.7,154.42
1765.7,154.41
86.133,154.9
86.133,154.91
86.133,154.89
86.133,155.52
86.133,155.53
86.133,155.52
689.06,155.9
646,155.9
689.06,155.91
86.133,156.57
86.133,156.76
86.133,156.58
387.6,157.34
387.6,157.34
387.6,157.33
86.133,157.4
86.133,157.38
86.133,157.39
86.133,158.23
86.133,158.24
86.133,158.23
559.86,158.73
559.86,158.72
559.86,158.73
86.133,159.06
86.133,159.05
86.133,159.06
559.86,159.9
258.4,159.79
258.4,159.78
86.133,160.11
86.133,160.1
86.133,160.11
86.133,160.47
129.2,160.43
86.133,160.9
301.46,161.15
258.4,161.15
516.8,160.93
86.133,161.57
86.133,161.56
86.133,161.56
86.133,162.2
86.133,162.17
86.133,162.19
215.33,162.59
258.4,162.59
258.4,162.58
86.133,163.23
86.133,163.24
86.133,163.22
559.86,163.53
559.86,163.61
559.86,163.57
86.133,164.07
86.133,164.08
86.133,164.07
86.133,164.69
86.133,164.68
86.133,164.63
473.73,165.29
86.133,165.27
473.73,165.29
86.133,165.73
86.133,165.73
86.133,165.74
86.133,166.35
86.133,166.35
86.133,166.36
86.133,166.56
86.133,166.57
86.133,166.56
86.133,167.19
86.133,167.18
86.133,167.2
86.133,167.6
86.133,167.6
86.133,167.61
86.133,168.43
86.133,168.43
86.133,168.44
86.133,168.86
86.133,168.85
86.133,168.84
172.27,169.47
86.133,169.28
86.133,169.29
86.133,170.1
86.133,169.69
86.133,170.11
559.86,170.36
559.86,170.23
559.86,170.4
559.86,170.92
559.86,170.98
559.86,170.91
86.133,171.56
86.133,171.55
86.133,171.57
86.133,171.78
86.133,171.77
86.133,171.78
86.133,172.18
86.133,172.19
86.133,172.19
559.86,172.98
86.133,173.14
516.8,173.02
86.133,173.44
86.133,173.44
86.133,173.43
86.133,174
86.133,174.02
516.8,174.11
215.33,174.25
86.133,174.68
86.133,174.56
86.133,174.89
86.133,174.9
86.133,174.89
86.133,175.51
86.133,175.52
86.133,175.5
86.133,176.11
86.133,176.09
86.133,176.21
86.133,176.58
86.133,176.58
86.133,176.77
86.133,176.77
86.133,176.78
86.133,176.77
129.2,177.42
129.2,177.44
129.2,177.46
86.133,178.23
86.133,178.24
86.133,178.22
86.133,178.43
86.133,178.44
86.133,178.45
86.133,178.85
86.133,178.85
129.2,178.85
129.2,179.65
86.133,179.65
129.2,179.65
86.133,180.11
86.133,180.1
86.133,180.12
86.133,180.74
86.133,180.73
86.133,180.74
86.133,181.35
86.133,181.34
86.133,181.35
86.133,181.38
86.133,181.37
86.133,181.57
86.133,182.38
86.133,182.39
86.133,182.38
86.133,182.41
86.133,182.4
86.133,182.39
86.133,183.03
86.133,183.19
86.133,183.04
86.133,183.44
86.133,183.45
43.066,183.44
301.46,184.28
301.46,184.27
258.4,184.24
86.133,184.89
646,184.88
646,184.88
301.46,185.3
344.53,185.31
86.133,185.1
86.133,185.5
86.133,185.51
86.133,185.52
646,186.15
646,186.15
689.06,186.39
86.133,186.77
86.133,186.76
86.133,186.78
86.133,187.48
86.133,187.47
86.133,187.37
516.8,187.91
516.8,187.92
516.8,187.61
86.133,188.22
86.133,188.22
86.133,188.21
86.133,188.85
86.133,188.85
86.133,188.86
689.06,189.06
646,189.06
689.06,189.07
86.133,189.89
86.133,189.89
86.133,189.9
86.133,190.11
86.133,190.11
86.133,190.08
258.4,190.91
215.33,190.91
215.33,190.92
86.133,191.57
559.86,191.54
86.133,191.56
86.133,191.77
86.133,191.78
86.133,191.77
86.133,192.17
86.133,192.18
86.133,192.19
602.93,192.81
602.93,192.81
602.93,192.82
86.133,193.43
86.133,193.43
86.133,193.44
86.133,194.05
86.133,194.05
86.133,194.06
86.133,194.24
86.133,194.25
258.4,194.26
86.133,194.69
86.133,194.68
86.133,194.69
947.46,195.67
344.53,195.3
301.46,195.3
646,195.7
86.133,195.72
646,195.7
301.46,196.53
258.4,196.53
86.133,196.37
86.133,196.77
86.133,196.76
86.133,196.77
602.93,197.39
215.33,197.56
301.46,197.6
86.133,198.22
646,198.22
646,198.22
344.53,198.66
86.133,198.22
86.133,198.23
86.133,198.85
86.133,198.86
86.133,198.86
646,199.49
646,199.49
689.06,199.56
86.133,200.1
86.133,200.1
86.133,200.09
86.133,200.44
86.133,200.42
86.133,200.4
258.4,200.92
215.33,200.92
516.8,200.95
86.133,201.56
86.133,201.55
86.133,201.56
86.133,202.19
86.133,202.19
86.133,202.2
344.53,202.58
387.6,202.35
344.53,202.35
301.46,203.24
301.46,203.25
301.46,203.24
86.133,203.43
86.133,203.44
86.133,203.45
215.33,204.25
215.33,204.25
258.4,204.25
86.133,204.46
86.133,204.54
86.133,204.51
86.133,205.1
86.133,204.89
86.133,204.9
86.133,205.51
86.133,205.51
86.133,205.53
258.4,206.12
215.33,205.92
215.33,205.91
86.133,206.77
947.46,206.73
947.46,206.73
559.86,207.17
559.86,207.17
559.86,207.16
86.133,207.42
86.133,207.42
1162.8,207.45
86.133,208.24
559.86,208.22
86.133,208.23
215.33,208.63
947.46,208.5
86.133,208.75
86.133,209.06
86.133,209.06
301.46,209.22
86.133,209.7
86.133,209.71
215.33,209.66
86.133,210.11
86.133,210.11
86.133,210.1
215.33,210.92
215.33,210.91
86.133,210.83
2110.3,211.23
2110.3,211.22
2110.3,211.21
86.133,211.55
86.133,211.56
86.133,211.76
86.133,212.18
86.133,212.18
86.133,212.17
344.53,212.85
344.53,212.86
344.53,212.85
86.133,213.44
86.133,213.43
86.133,213.44
86.133,214.06
86.133,214.05
86.133,214.05
86.133,214.06
86.133,214.06
86.133,214.07
86.133,214.91
86.133,214.9
86.133,214.91
86.133,215.53
86.133,215.53
86.133,215.51
387.6,215.9
646,215.95
430.66,215.91
559.86,216.56
559.86,216.56
559.86,216.55
86.133,216.76
86.133,216.77
559.86,216.74
215.33,217.58
473.73,217.19
473.73,217.18
129.2,217.98
86.133,217.97
86.133,217.93
86.133,218.44
86.133,218.44
86.133,218.23
86.133,218.87
86.133,218.86
86.133,218.85
559.86,219.48
559.86,219.48
86.133,219.68
86.133,220.1
86.133,220.11
86.133,220.11
516.8,220.19
516.8,220.2
516.8,220.21
86.133,220.74
86.133,220.73
86.133,220.73
86.133,221.37
86.133,221.34
86.133,221.34
129.2,222.02
86.133,222.21
129.2,222.21
86.133,222.4
86.133,222.41
86.133,222.39
129.2,223
129.2,223.24
86.133,223
86.133,223.46
86.133,223.46
86.133,223.47
129.2,224.18
86.133,224.15
129.2,224.17
129.2,224.68
129.2,224.73
129.2,224.75
129.2,224.89
129.2,224.9
86.133,224.98
86.133,225.77
86.133,225.76
86.133,225.79
129.2,226.28
86.133,226.24
86.133,226.29
129.2,226.32
86.133,226.34
129.2,226.32
86.133,227.32
86.133,227.34
86.133,227.31
86.133,227.51
86.133,227.46
86.133,227.45
86.133,227.91
86.133,227.87
86.133,227.98
129.2,228.81
129.2,228.8
129.2,228.87
129.2,228.87
129.2,228.88
129.2,228.96
86.133,229.81
86.133,229.84
86.133,229.86
86.133,229.93
86.133,229.89
86.133,229.91
86.133,230.41
86.133,230.43
86.133,230.46
86.133,231.03
86.133,231.02
86.133,231.14
129.2,231.43
129.2,231.43
86.133,231.43
86.133,231.95
86.133,232
86.133,231.97
559.86,232.46
559.86,232.45
559.86,232.45
559.86,233.3
559.86,233.3
559.86,233.29
559.86,233.47
559.86,233.48
559.86,233.48
559.86,234.09
559.86,234.06
559.86,234.1
559.86,234.51
559.86,234.52
559.86,234.5
559.86,235.11
559.86,235.1
559.86,235.11
559.86,235.55
559.86,235.56
559.86,235.55
559.86,236.12
559.86,236.11
0,236.05
0,236.54
0,236.54
0,236.55
0,237.46
0,237.34
0,237.34
0,237.56
0,237.56
0,237.56
0,238.07
0,238.07
0,238.07
0,238.58
0,238.58
0,238.58
0,239.09
0,239.09
0,239.09
0,239.6
0,239.6
0,239.6
0,240.11
0,240.11
0,240.11
344.53,240.73
344.53,240.72
344.53,240.76
344.53,241.19
344.53,241.19
344.53,241.2
559.86,241.8
559.86,241.8
559.86,241.82
258.4,242.29
258.4,242.67
258.4,242.36
301.46,243.04
258.4,242.67
301.46,243.04
344.53,243.5
344.53,243.51
344.53,243.51
344.53,243.84
344.53,243.83
344.53,243.83
301.46,244.66
301.46,244.66
344.53,244.63
344.53,244.95
344.53,244.94
344.53,244.95
344.53,245.59
344.53,245.5
344.53,245.59
344.53,246.15
344.53,246.14
301.46,246.06
344.53,246.32
344.53,246.31
344.53,246.31
387.6,247.14
387.6,247.13
387.6,247.12
387.6,247.41
387.6,247.41
387.6,247.4
215.33,248.22
215.33,248.21
344.53,248.21
344.53,248.39
344.53,248.29
387.6,248.4
129.2,248.85
129.2,248.95
172.27,248.97
344.53,249.33
301.46,249.33
344.53,249.36
129.2,249.85
86.133,250.03
86.133,249.85
258.4,250.33
86.133,250.34
86.133,250.52
86.133,250.86
86.133,250.88
86.133,250.98
86.133,251.4
86.133,251.37
86.133,251.45
86.133,251.86
86.133,251.89
86.133,251.91
86.133,252.41
86.133,252.38
86.133,252.43
86.133,252.89
86.133,252.95
86.133,252.92
86.133,253.41
86.133,253.42
86.133,253.44
86.133,253.9
86.133,253.93
86.133,253.93
86.133,254.92
86.133,254.91
86.133,254.93
86.133,254.94
86.133,254.93
43.066,254.94
344.53,255.54
344.53,255.44
344.53,255.53
344.53,256.03
344.53,255.98
344.53,256.03
258.4,256.47
258.4,256.49
258.4,256.52
344.53,257
344.53,257
258.4,257.42
258.4,257.51
258.4,257.49
258.4,257.48
344.53,258.03
344.53,258.03
344.53,258.04
258.4,258.52
258.4,258.5
301.46,258.52
344.53,259.05
344.53,259.05
344.53,259.1
516.8,259.52
301.46,259.54
516.8,259.53
387.6,260.05
430.66,260.08
430.66,260.07
430.66,260.82
430.66,260.82
473.73,261.03
387.6,261.25
387.6,261.24
430.66,261.32
387.6,261.72
732.13,261.79
387.6,261.72
818.26,262.59
818.26,262.58
818.26,262.58
818.26,262.59
818.26,262.59
818.26,262.6
430.66,263.47
430.66,263.47
430.66,263.48
430.66,263.78
430.66,263.78
430.66,263.79
86.133,264.27
86.133,264.26
86.133,264.27
430.66,264.88
430.66,264.89
430.66,264.87
387.6,265.58
387.6,265.58
344.53,265.58
430.66,265.81
430.66,265.82
430.66,265.8
86.133,266.68
129.2,266.64
86.133,266.67
86.133,266.68
86.133,266.88
86.133,266.87
818.26,267.29
818.26,267.28
818.26,267.3
430.66,267.76
430.66,267.77
473.73,267.77
215.33,268.48
215.33,268.63
215.33,268.47
129.2,269.19
2067.2,268.74
129.2,269.18
86.133,269.49
86.133,269.29
86.133,269.25
344.53,269.76
387.6,269.95
2584,269.83
344.53,270.45
344.53,270.45
2110.3,270.55
2110.3,270.81
2110.3,270.84
2110.3,270.82
689.06,271.33
689.06,271.34
689.06,271.33
904.39,271.8
904.39,271.8
947.46,272.13
947.46,272.35
947.46,272.35
947.46,272.39
904.39,272.9
947.46,272.9
947.46,272.9
947.46,273.83
947.46,273.33
947.46,273.33
947.46,273.91
947.46,273.83
947.46,273.83
947.46,274.46
947.46,274.45
1421.2,274.53
904.39,274.85
947.46,274.92
947.46,274.92
818.26,275.82
818.26,275.81
818.26,275.82
602.93,276.11
602.93,276.12
602.93,276.11
344.53,276.76
344.53,276.77
387.6,276.77
689.06,276.89
301.46,277.33
689.06,276.9
344.53,277.78
344.53,277.77
301.46,277.52
344.53,277.94
344.53,277.94
344.53,277.95
301.46,278.85
301.46,278.61
301.46,278.86
602.93,279.21
602.93,279.2
602.93,279.21
689.06,279.84
689.06,279.75
689.06,279.75
689.06,280.31
689.06,280.29
689.06,280.28
689.06,280.69
689.06,280.54
689.06,280.54
689.06,281.15
689.06,281.15
689.06,280.98
732.13,281.7
732.13,281.7
732.13,281.76
732.13,282.02
732.13,282.01
732.13,282.02
689.06,282.74
689.06,282.71
689.06,282.73
689.06,283.36
689.06,283.37
689.06,283.36
344.53,283.74
344.53,283.74
344.53,283.71
344.53,284.13
344.53,284.08
344.53,284.18
344.53,284.58
344.53,284.57
344.53,284.55
559.86,285.41
559.86,285.4
602.93,285.36
86.133,286.05
86.133,286.01
344.53,286.08
344.53,286.49
301.46,286.57
301.46,286.59
344.53,287.02
344.53,286.86
344.53,286.87
344.53,287.22
344.53,287.25
344.53,287.25
301.46,287.63
301.46,287.63
602.93,287.88
86.133,288.41
258.4,288.44
86.133,288.44
689.06,288.66
689.06,288.67
689.06,288.68
1378.1,289.66
1378.1,289.66
1378.1,289.65
1378.1,289.66
1378.1,289.99
1378.1,289.67
689.06,290.48
689.06,290.48
689.06,290.47
301.46,291.11
301.46,291.09
301.46,291.06
301.46,291.2
344.53,291.22
344.53,291.71
344.53,291.78
344.53,291.78
344.53,291.71
215.33,292.63
215.33,292.61
215.33,292.65
215.33,293.22
215.33,293.22
215.33,292.77
215.33,293.24
215.33,293.28
215.33,293.26
344.53,293.81
344.53,293.81
344.53,294.23
387.6,294.67
387.6,294.54
344.53,294.28
129.2,295.22
215.33,294.81
215.33,294.81
172.27,295.61
86.133,295.61
172.27,295.61
344.53,295.82
344.53,295.82
344.53,296.21
344.53,296.31
344.53,296.3
344.53,296.41
947.46,297.07
947.46,297.08
947.46,297.06
215.33,297.8
215.33,297.79
258.4,297.82
86.133,297.99
86.133,298
387.6,298.07
344.53,298.56
344.53,298.5
344.53,298.51
129.2,299.24
129.2,299.23
129.2,299.24
129.2,299.37
129.2,299.4
129.2,299.39
129.2,300.05
129.2,300.14
129.2,300.22
86.133,300.41
86.133,300.41
86.133,300.44
818.26,301.17
818.26,301.17
818.26,301.16
689.06,301.65
689.06,301.64
689.06,301.63
732.13,301.97
732.13,301.96
732.13,302.02
86.133,302.82
86.133,302.81
732.13,302.92
86.133,302.98
86.133,302.95
732.13,302.94
86.133,303.47
86.133,303.46
86.133,303.5
172.27,304.44
172.27,304.45
172.27,304.46
301.46,304.79
258.4,304.79
301.46,304.8
301.46,305.2
258.4,305.2
301.46,305.21
86.133,305.5
86.133,305.52
86.133,305.57
86.133,306.01
86.133,306.03
86.133,306.09
732.13,306.81
732.13,306.82
732.13,306.81
689.06,307.04
689.06,307.03
689.06,307.17
129.2,307.62
172.27,307.62
86.133,307.61
344.53,308.29
344.53,308.18
344.53,308.18
344.53,308.58
344.53,308.58
344.53,308.78
258.4,309.59
258.4,309.58
301.46,309.59
129.2,310.03
129.2,310.02
86.133,310
86.133,310.39
86.133,310.4
344.53,310.22
646,310.76
646,310.75
646,310.76
301.46,311.19
344.53,311.19
301.46,311.21
86.133,311.72
86.133,311.71
86.133,311.7
86.133,312.41
86.133,312.4
86.133,312.41
86.133,312.69
86.133,312.66
86.133,312.77
172.27,313.2
86.133,313.2
86.133,313.21
387.6,313.89
387.6,313.74
387.6,314.16
129.2,314.42
129.2,314.68
129.2,314.62
86.133,314.8
86.133,314.8
86.133,314.81
86.133,315.21
86.133,315.22
86.133,315.23
86.133,315.73
86.133,315.74
86.133,315.72
86.133,316.23
86.133,316.24
86.133,316.26
86.133,316.75
86.133,316.74
86.133,316.74
86.133,317.26
86.133,317.25
86.133,317.27
86.133,317.78
86.133,317.77
86.133,317.77
86.133,318.28
86.133,318.27
86.133,318.3
86.133,318.8
86.133,318.78
86.133,318.79
86.133,319.3
86.133,319.31
86.133,319.29
818.26,319.85
818.26,319.85
818.26,319.88
86.133,320.7
43.066,320.71
43.066,320.71
86.133,321.13
86.133,321.13
129.2,321.08
129.2,321.71
129.2,321.7
43.066,321.76
215.33,322
129.2,322.33
430.66,322.05
86.133,322.69
86.133,322.69
86.133,322.39
43.066,323.22
43.066,323.21
43.066,323.22
43.066,323.64
86.133,323.64
43.066,323.63
129.2,324.2
43.066,324.27
86.133,324.26
344.53,324.84
344.53,324.85
215.33,324.5
430.66,325.17
86.133,325.2
430.66,325.18
43.066,325.72
43.066,325.71
43.066,325.72
129.2,326.08
172.27,326.07
129.2,326.08
129.2,326.7
43.066,326.77
43.066,326.76
215.33,327
215.33,327
430.66,327.2
129.2,327.64
86.133,327.69
86.133,327.7
43.066,328.21
43.066,328.21
43.066,328.22
43.066,328.64
86.133,328.63
86.133,328.62
129.2,329.2
129.2,329.21
172.27,329.2
129.2,329.83
43.066,329.89
43.066,329.89
86.133,330.19
129.2,330.14
86.133,330.2
43.066,330.72
43.066,330.71
43.066,330.72
129.2,331.08
129.2,331.08
172.27,331.07
129.2,331.7
172.27,331.69
172.27,331.7
43.066,332.39
86.133,332.39
129.2,332.33
86.133,332.7
86.133,332.69
43.066,332.7
43.066,333.21
43.066,333.22
43.066,333.21
43.066,333.64
86.133,333.64
43.066,333.64
215.33,334.5
129.2,334.2
172.27,334.19
258.4,334.85
559.86,334.99
559.86,334.98
129.2,335.14
86.133,335.19
86.133,335.2
43.066,335.71
43.066,335.72
43.066,335.71
43.066,336.15
43.066,336.2
43.066,336.19
129.2,336.71
129.2,336.7
43.066,336.76
129.2,337.64
172.27,337.64
129.2,337.33
86.133,337.69
86.133,337.69
86.133,337.7
43.066,338.21
43.066,338.22
43.066,338.22
129.2,339.2
129.2,339.2
129.2,339.21
215.33,339.5
43.066,339.27
86.133,339.26
86.133,339.89
43.066,339.89
129.2,339.83
473.73,340.45
473.73,340.45
473.73,340.44
473.73,341.12
473.73,341.12
473.73,341.11
559.86,341.6
559.86,341.62
559.86,341.59
516.8,342.13
473.73,341.92
473.73,341.91
86.133,342.66
86.133,342.67
129.2,342.64
86.133,343.13
86.133,343.13
86.133,343.17
129.2,343.59
129.2,343.58
86.133,343.59
86.133,343.92
86.133,343.91
86.133,343.89
86.133,344.39
86.133,344.83
86.133,344.46
86.133,345.16
86.133,345.17
129.2,345.14
86.133,345.63
86.133,345.7
86.133,345.71
129.2,346.08
86.133,346.09
43.066,346.17
86.133,346.41
86.133,346.42
86.133,346.4
86.133,347.34
86.133,346.96
129.2,347.34
86.133,347.67
86.133,347.66
86.133,347.67
86.133,348.14
86.133,348.13
86.133,348.17
86.133,348.91
86.133,348.92
86.133,348.91
86.133,348.92
86.133,349.38
86.133,349.01
86.133,349.84
129.2,349.83
43.066,349.92
86.133,350.17
129.2,350.14
86.133,350.16
86.133,350.7
86.133,350.63
86.133,350.71
86.133,351.39
86.133,351.17
86.133,351.42
86.133,351.89
86.133,351.52
86.133,351.51
86.133,352.42
86.133,352.33
86.133,352.44
86.133,352.67
86.133,352.68
86.133,352.66
86.133,353.2
129.2,353.12
86.133,353.19
86.133,353.9
86.133,353.91
86.133,353.67
129.2,354.37
86.133,354.46
86.133,354.45
129.2,354.83
86.133,354.92
43.066,354.92
86.133,355.17
86.133,355.17
129.2,355.14
172.27,356.07
172.27,356.06
86.133,355.64
86.133,356.39
86.133,356.4
86.133,356.08
86.133,356.88
86.133,356.96
86.133,356.95
86.133,357.42
86.133,357.44
86.133,357.34
86.133,357.67
86.133,357.67
86.133,357.66
129.2,358.12
86.133,358.2
86.133,358.59
86.133,358.89
86.133,358.68
129.2,358.89
86.133,359.46
86.133,359.45
86.133,359.44
43.066,360.14
43.066,359.92
43.066,360.15
43.066,360.39
43.066,360.39
86.133,360.39
43.066,360.68
43.066,360.68
43.066,360.69
86.133,361.58
86.133,361.67
86.133,361.22
86.133,362.16
43.066,362.16
86.133,361.82
86.133,362.3
86.133,362.49
43.066,362.2
43.066,363
43.066,363.01
86.133,362.72
86.133,363.28
43.066,363.38
43.066,363.28
86.133,364.12
43.066,364.12
43.066,364.11
43.066,364.56
86.133,364.56
86.133,364.56
43.066,364.9
43.066,364.91
43.066,364.9
86.133,365.71
86.133,365.77
86.133,365.33
86.133,366.13
43.066,365.85
43.066,366.13
86.133,366.43
86.133,366.42
43.066,366.51
86.133,367.14
43.066,366.8
43.066,366.89
86.133,367.48
43.066,367.66
43.066,367.61
86.133,367.82
86.133,367.94
43.066,367.98
86.133,368.34
86.133,368.33
43.066,368.33
