0,0.41796
0,0.52825
0,0.37732
0,0.80689
0,0.53406
43.066,0.80109
0,1.3351
0,1.4048
43.066,1.3351
258.4,1.9331
258.4,1.9156
258.4,1.8924
215.33,2.0782
215.33,2.1362
215.33,2.1711
215.33,2.5948
215.33,2.6471
215.33,2.6122
258.4,3.1289
258.4,3.0941
258.4,3.1115
172.27,3.9184
172.27,3.9474
172.27,3.9126
215.33,4.2783
215.33,4.3131
215.33,4.2202
301.46,4.7891
258.4,4.7891
258.4,4.7775
172.27,5.3058
172.27,5.2767
172.27,5.2477
129.2,5.6424
129.2,5.6483
172.27,5.6366
129.2,6.3565
129.2,6.3507
129.2,6.3274
129.2,6.7976
129.2,6.6641
129.2,6.6583
172.27,7.2678
172.27,7.2969
172.27,7.3259
258.4,7.9064
258.4,7.947
258.4,7.889
172.27,8.3302
172.27,8.1966
172.27,8.3708
172.27,8.7133
172.27,8.7539
172.27,8.8294
172.27,9.2125
172.27,9.288
172.27,9.2299
172.27,9.7292
172.27,9.7234
172.27,9.7466
172.27,10.577
172.27,10.519
172.27,10.559
215.33,10.942
215.33,11.018
215.33,10.983
215.33,11.291
215.33,11.262
215.33,11.256
172.27,11.842
172.27,11.802
172.27,11.767
215.33,12.312
215.33,12.289
215.33,12.341
129.2,12.939
172.27,12.835
172.27,12.858
258.4,13.752
258.4,13.769
258.4,13.775
258.4,13.81
258.4,13.827
258.4,13.845
215.33,14.344
215.33,14.321
215.33,14.379
129.2,15.157
86.133,15.157
86.133,15.163
258.4,15.354
258.4,15.389
258.4,15.372
215.33,16.248
172.27,15.94
172.27,16.277
86.133,16.811
86.133,16.805
129.2,16.811
258.4,16.898
258.4,16.887
301.46,16.881
172.27,17.403
172.27,17.432
129.2,17.398
129.2,18.292
129.2,18.297
129.2,18.321
129.2,18.518
129.2,18.686
129.2,18.553
172.27,18.942
172.27,18.971
172.27,19.029
172.27,19.702
172.27,19.731
172.27,19.673
258.4,20.178
258.4,20.196
258.4,20.213
258.4,20.457
258.4,20.474
215.33,20.509
172.27,20.968
172.27,21.026
172.27,21.066
172.27,21.542
129.2,21.542
129.2,21.548
172.27,22.372
172.27,22.489
129.2,22.071
172.27,22.738
172.27,22.796
172.27,22.605
258.4,23.295
258.4,23.092
258.4,23.353
215.33,23.882
172.27,23.882
215.33,23.905
172.27,24.317
172.27,24.242
172.27,24.265
172.27,24.561
172.27,24.729
172.27,24.752
172.27,25.049
172.27,25.072
172.27,25.194
172.27,25.664
172.27,25.641
172.27,25.565
129.2,26.419
129.2,26.424
172.27,26.453
172.27,26.581
172.27,26.604
172.27,26.657
172.27,27.098
172.27,27.15
172.27,27.127
172.27,28.044
172.27,28.067
172.27,28.096
172.27,28.508
172.27,28.224
172.27,28.16
172.27,28.7
172.27,28.648
172.27,28.752
172.27,29.437
172.27,29.414
172.27,29.135
172.27,29.652
129.2,29.704
129.2,29.646
215.33,30.459
215.33,30.488
215.33,30.465
172.27,31.167
172.27,31.161
86.133,31.179
344.53,31.237
344.53,31.242
344.53,31.271
430.66,32.026
430.66,32.02
430.66,32.015
430.66,32.496
430.66,32.491
430.66,32.502
344.53,32.769
344.53,32.775
344.53,32.798
430.66,33.466
430.66,33.46
430.66,33.477
86.133,34.232
129.2,34.232
430.66,33.936
86.133,34.261
129.2,34.348
86.133,34.267
430.66,34.987
430.66,34.981
430.66,34.992
344.53,35.753
344.53,35.759
344.53,35.747
430.66,36.026
430.66,36.032
430.66,36.043
430.66,36.525
430.66,36.537
430.66,36.531
86.133,37.291
86.133,37.285
86.133,37.297
86.133,37.367
129.2,37.367
86.133,37.361
129.2,37.843
129.2,37.825
129.2,37.901
559.86,38.737
559.86,38.772
559.86,38.742
559.86,38.864
129.2,39.224
559.86,38.859
516.8,39.526
516.8,39.52
516.8,39.532
129.2,40.31
86.133,40.368
86.133,40.269
86.133,40.472
86.133,40.42
86.133,40.443
172.27,40.995
172.27,40.914
172.27,40.983
559.86,41.715
559.86,41.761
559.86,41.72
516.8,41.953
516.8,41.958
516.8,41.964
473.73,42.429
516.8,42.429
473.73,42.463
473.73,43.195
473.73,43.201
473.73,43.207
430.66,43.462
430.66,43.445
430.66,43.468
430.66,43.95
430.66,43.955
430.66,43.967
430.66,44.936
430.66,44.919
430.66,44.954
430.66,44.994
430.66,45.43
430.66,45.424
430.66,45.894
430.66,45.9
430.66,45.888
86.133,46.19
344.53,46.411
344.53,46.417
344.53,46.881
344.53,46.887
344.53,46.875
344.53,47.032
344.53,47.015
344.53,47.038
344.53,47.874
344.53,47.897
344.53,47.868
344.53,48.373
344.53,48.379
344.53,48.367
344.53,48.855
344.53,48.861
344.53,48.866
129.2,49.284
129.2,49.435
344.53,49.128
516.8,49.847
129.2,49.569
516.8,49.853
559.86,50.59
516.8,50.585
559.86,50.585
559.86,50.59
559.86,50.62
559.86,50.649
516.8,51.363
516.8,51.368
516.8,51.357
86.133,52.117
86.133,52.111
516.8,52.106
86.133,52.14
86.133,52.193
86.133,52.216
473.73,52.802
473.73,52.808
473.73,52.82
559.86,53.551
559.86,53.545
559.86,53.592
516.8,53.818
516.8,53.812
516.8,53.824
473.73,54.3
473.73,54.352
473.73,54.317
473.73,55.072
473.73,55.078
86.133,55.072
430.66,55.316
430.66,55.333
430.66,55.339
430.66,55.821
430.66,55.827
430.66,55.815
430.66,56.558
430.66,56.564
473.73,56.564
430.66,56.819
430.66,56.825
430.66,56.9
387.6,57.289
430.66,57.289
129.2,57.26
129.2,58.091
86.133,58.032
129.2,58.108
129.2,58.311
129.2,58.34
86.133,58.392
430.66,58.764
430.66,58.77
430.66,58.776
430.66,59.739
430.66,59.762
430.66,59.745
430.66,60.227
430.66,60.233
430.66,60.244
430.66,60.325
430.66,60.366
430.66,60.308
86.133,61.196
86.133,61.19
129.2,61.202
516.8,61.684
516.8,61.69
516.8,61.678
516.8,61.841
516.8,61.846
516.8,61.875
129.2,62.682
559.86,62.421
559.86,62.415
172.27,63.129
172.27,63.147
172.27,63.187
86.133,63.849
86.133,63.843
86.133,63.855
86.133,64.11
86.133,63.919
86.133,63.925
129.2,64.633
129.2,64.656
129.2,64.61
129.2,65.155
129.2,65.132
129.2,65.103
516.8,65.498
129.2,65.573
516.8,65.503
473.73,65.945
473.73,65.939
473.73,65.933
430.66,66.92
430.66,66.926
387.6,66.926
129.2,67.402
129.2,67.408
430.66,67.39
129.2,67.901
129.2,67.907
129.2,67.895
430.66,68.377
129.2,68.331
430.66,68.371
430.66,68.841
129.2,68.51
430.66,68.836
430.66,69.323
430.66,69.317
430.66,69.329
129.2,69.898
129.2,69.869
129.2,69.927
344.53,70.269
344.53,70.275
344.53,70.298
129.2,70.536
129.2,70.983
86.133,70.536
344.53,71.227
344.53,71.239
344.53,71.233
344.53,71.732
344.53,71.703
344.53,71.709
344.53,72.197
86.133,72.493
344.53,72.191
129.2,72.707
86.133,72.568
86.133,72.69
516.8,73.149
516.8,73.154
516.8,73.143
172.27,73.671
172.27,73.654
516.8,73.857
516.8,74.594
516.8,74.6
516.8,74.588
516.8,74.6
516.8,74.606
516.8,74.612
86.133,75.587
86.133,75.535
86.133,75.564
86.133,75.639
86.133,75.622
473.73,76.08
473.73,76.15
473.73,76.167
473.73,76.132
86.133,76.939
86.133,76.992
86.133,76.968
473.73,77.415
473.73,77.41
473.73,77.427
430.66,78.141
430.66,78.17
430.66,78.147
430.66,78.176
430.66,78.222
430.66,78.216
172.27,79.076
215.33,78.93
215.33,79.076
129.2,79.314
86.133,79.319
215.33,79.226
473.73,80.051
473.73,80.057
473.73,80.097
516.8,80.295
516.8,80.3
516.8,80.283
430.66,80.747
129.2,81.218
430.66,80.753
129.2,81.305
129.2,81.276
129.2,81.247
129.2,82.187
129.2,82.193
129.2,82.222
129.2,82.303
129.2,82.361
129.2,82.274
516.8,83.185
516.8,83.191
516.8,83.174
430.66,83.615
430.66,83.632
516.8,83.383
86.133,83.905
86.133,83.987
129.2,84.114
129.2,84.306
129.2,84.323
129.2,84.341
172.27,85.159
172.27,85.084
172.27,85.101
473.73,85.775
473.73,85.78
473.73,85.786
516.8,85.995
516.8,86.21
516.8,86.227
86.133,86.779
86.133,86.831
86.133,86.814
86.133,86.959
86.133,86.982
86.133,86.936
172.27,87.644
172.27,87.719
172.27,87.667
172.27,88.033
172.27,87.888
172.27,87.911
473.73,88.596
473.73,88.59
473.73,88.602
430.66,89.275
430.66,89.281
430.66,89.298
430.66,89.496
430.66,89.739
473.73,89.496
430.66,89.954
430.66,89.995
430.66,89.972
129.2,90.883
129.2,90.929
129.2,90.813
473.73,91.376
473.73,91.371
473.73,91.382
473.73,91.823
516.8,91.614
473.73,91.841
129.2,92.363
129.2,92.305
129.2,92.392
129.2,92.479
129.2,92.532
129.2,92.502
129.2,93.002
129.2,93.031
129.2,93.037
129.2,93.948
129.2,93.919
129.2,94.006
516.8,94.447
516.8,94.441
516.8,94.43
516.8,94.639
516.8,94.645
516.8,94.656
430.66,95.115
430.66,95.155
430.66,95.138
172.27,95.626
172.27,95.701
172.27,95.568
172.27,96.107
172.27,96.165
172.27,96.09
473.73,97.001
473.73,97.007
473.73,97.048
516.8,97.234
516.8,97.216
516.8,97.443
86.133,98.035
86.133,98.064
430.66,97.686
86.133,98.139
86.133,98.11
86.133,98.133
129.2,98.65
172.27,98.65
172.27,98.609
430.66,99.225
129.2,99.178
129.2,99.318
129.2,99.805
86.133,99.805
215.33,99.637
301.46,100.54
301.46,100.54
344.53,100.54
129.2,101.06
86.133,101.06
129.2,101.04
129.2,101.36
129.2,101.5
129.2,101.39
129.2,101.86
129.2,101.7
129.2,101.7
172.27,102.19
172.27,102.22
172.27,102.25
129.2,103.06
129.2,103.11
129.2,103.14
516.8,103.54
516.8,103.57
516.8,103.57
602.93,104.03
602.93,104.03
646,104.03
129.2,104.3
86.133,104.31
129.2,104.32
473.73,105.17
473.73,105.18
473.73,105.22
473.73,105.26
473.73,105.27
473.73,105.25
430.66,106.1
430.66,106.11
430.66,106.1
430.66,106.32
430.66,106.28
430.66,106.32
129.2,107.17
129.2,107.11
129.2,107.08
129.2,107.78
129.2,107.79
86.133,107.31
129.2,107.95
129.2,108.01
129.2,107.84
172.27,108.32
129.2,108.32
129.2,108.75
129.2,109.2
129.2,109.23
129.2,109.11
559.86,109.71
559.86,109.77
516.8,109.71
602.93,109.98
646,109.97
646,109.98
516.8,110.67
516.8,110.67
516.8,110.68
516.8,111.14
516.8,111.14
516.8,111.15
559.86,111.39
516.8,111.84
559.86,111.39
430.66,112.33
430.66,112.32
430.66,112.33
129.2,112.81
129.2,112.85
129.2,112.9
129.2,113.04
129.2,113.13
129.2,113.1
129.2,113.44
129.2,113.44
129.2,113.45
215.33,114.2
215.33,114.25
215.33,114.11
215.33,114.54
215.33,114.57
215.33,114.47
86.133,115.28
86.133,115.3
86.133,115.25
86.133,115.8
86.133,115.79
86.133,115.82
430.66,116.25
430.66,116.27
430.66,116.27
86.133,116.99
86.133,116.98
86.133,116.96
86.133,117.13
86.133,117.15
86.133,117.16
129.2,117.51
86.133,117.51
172.27,117.91
215.33,118.18
215.33,118.15
215.33,118.23
215.33,118.67
215.33,118.56
215.33,118.64
215.33,119.34
215.33,119.04
215.33,119.36
215.33,119.55
215.33,119.58
215.33,119.56
129.2,120.18
129.2,120.16
172.27,120.08
129.2,120.61
129.2,120.59
129.2,121.02
473.73,121.4
473.73,121.41
473.73,121.42
430.66,122.07
430.66,122.08
473.73,121.84
344.53,122.32
344.53,122.33
344.53,122.33
516.8,122.99
344.53,122.62
516.8,123.01
344.53,123.64
344.53,123.63
430.66,123.43
344.53,123.65
387.6,123.65
344.53,123.64
516.8,124.31
516.8,124.51
516.8,124.52
344.53,124.98
344.53,124.98
344.53,124.97
129.2,125.32
344.53,125.18
129.2,125.29
129.2,125.83
129.2,125.72
129.2,126.12
129.2,126.43
129.2,126.4
129.2,126.35
516.8,127.2
473.73,127.19
516.8,127.19
86.133,127.63
86.133,127.63
430.66,127.39
129.2,127.84
86.133,127.84
86.133,127.74
516.8,128.46
516.8,128.27
516.8,128.48
129.2,129.17
215.33,128.95
129.2,129.19
516.8,129.6
258.4,129.6
258.4,129.64
473.73,130.25
86.133,130.28
86.133,130.27
86.133,130.58
86.133,130.32
86.133,130.58
129.2,130.83
86.133,130.91
129.2,130.8
86.133,131.76
86.133,131.8
86.133,131.79
86.133,131.88
86.133,131.87
86.133,131.84
430.66,132.56
129.2,132.81
473.73,132.56
602.93,133
646,133
646,133.01
516.8,133.65
516.8,133.67
516.8,133.77
646,134.3
646,134.33
646,134.32
86.133,134.4
602.93,134.37
86.133,134.47
516.8,134.97
516.8,134.95
516.8,134.97
129.2,135.6
86.133,135.6
430.66,135.4
516.8,136.27
516.8,136.27
516.8,136.25
516.8,136.48
516.8,136.49
516.8,136.44
129.2,136.93
129.2,137.16
129.2,137.15
516.8,137.57
516.8,137.55
516.8,137.56
86.133,138.22
86.133,138.23
86.133,138.3
516.8,138.87
516.8,138.89
516.8,138.94
516.8,138.98
516.8,139.08
516.8,139.1
129.2,139.73
129.2,139.74
129.2,139.78
516.8,140.36
129.2,140.09
172.27,140.16
86.133,141
86.133,141
86.133,140.93
86.133,141.08
86.133,141.11
86.133,141.03
430.66,141.87
516.8,141.59
516.8,141.55
86.133,142.3
86.133,142.25
86.133,142.3
602.93,142.74
646,142.76
646,142.74
430.66,143.44
129.2,143.25
129.2,143.33
387.6,144.05
344.53,143.87
387.6,144.03
387.6,144.47
344.53,144.49
387.6,144.49
86.133,144.75
129.2,144.82
344.53,144.92
430.66,145.46
387.6,145.46
430.66,145.45
387.6,145.74
344.53,145.76
344.53,145.74
430.66,146.62
430.66,146.63
430.66,146.62
387.6,147.03
344.53,147.04
344.53,147.06
129.2,147.29
129.2,147.32
129.2,147.3
430.66,147.89
387.6,147.9
430.66,147.9
344.53,148.29
344.53,148.3
344.53,148.31
516.8,149.18
516.8,149.17
516.8,149.18
516.8,149.37
516.8,149.39
516.8,149.19
602.93,149.82
646,149.82
646,149.83
516.8,150.45
516.8,150.47
516.8,150.46
86.133,151.21
86.133,151.17
86.133,151.13
86.133,151.36
86.133,151.41
86.133,151.31
430.66,151.92
473.73,151.77
473.73,151.78
86.133,152.57
86.133,152.6
86.133,152.54
430.66,153.21
430.66,152.76
430.66,153.22
430.66,153.66
430.66,153.66
430.66,153.62
387.6,154.26
344.53,154.05
344.53,154.06
344.53,154.68
344.53,154.69
344.53,154.67
344.53,154.89
129.2,155.15
129.2,155.16
129.2,155.31
344.53,155.32
387.6,155.56
344.53,155.99
344.53,155.98
129.2,156.18
387.6,156.84
430.66,156.84
430.66,156.84
387.6,156.84
387.6,157.26
344.53,157.26
129.2,157.72
129.2,157.38
129.2,157.55
129.2,157.9
430.66,158.12
387.6,158.12
344.53,158.53
344.53,158.54
344.53,158.56
430.66,159.19
430.66,159.21
129.2,158.98
430.66,159.81
430.66,159.79
430.66,159.83
129.2,160.22
129.2,160.15
129.2,160.28
129.2,160.43
129.2,160.47
129.2,160.44
86.133,161.37
86.133,161.38
86.133,161.41
86.133,161.52
86.133,161.56
86.133,161.57
430.66,162.13
430.66,161.95
473.73,162
86.133,162.77
86.133,162.68
86.133,162.76
172.27,163.4
172.27,163.43
172.27,163.48
129.2,163.72
129.2,163.7
129.2,163.63
775.2,164.47
775.2,164.46
775.2,164.46
775.2,164.51
775.2,164.51
775.2,164.52
129.2,165.1
129.2,165.32
129.2,165.12
646,165.73
602.93,165.73
646,165.74
646,166.35
646,166.36
602.93,166.36
602.93,166.97
646,166.99
646,166.97
646,167.06
646,167.07
602.93,167.07
86.133,167.89
86.133,167.87
86.133,167.85
602.93,168.23
646,168.23
646,168.25
129.2,168.78
818.26,168.9
818.26,168.9
775.2,169.31
775.2,169.31
775.2,169.32
430.66,169.92
172.27,169.71
775.2,169.62
129.2,170.17
129.2,170.45
129.2,170.48
646,170.79
602.93,170.79
646,170.79
86.133,171.53
86.133,171.59
86.133,171.52
129.2,171.67
86.133,171.67
129.2,171.68
215.33,172.19
129.2,172.2
129.2,172.18
86.133,172.94
86.133,172.91
86.133,172.94
172.27,173.68
172.27,173.63
172.27,173.7
129.2,173.86
818.26,173.96
818.26,173.98
775.2,174.6
775.2,174.6
775.2,174.59
129.2,175.22
129.2,175.21
129.2,175.22
129.2,175.43
129.2,175.48
129.2,175.49
646,175.83
646,175.83
602.93,175.83
602.93,176.47
646,176.47
646,176.48
646,177.11
646,177.1
646,177.1
86.133,177.79
86.133,177.78
86.133,177.78
86.133,178.02
86.133,178.02
86.133,177.94
172.27,178.6
172.27,178.72
172.27,178.65
86.133,179.04
129.2,179.04
86.133,179.04
775.2,179.47
775.2,179.48
775.2,179.48
129.2,180.31
172.27,180.31
129.2,180.29
129.2,180.52
129.2,180.72
129.2,180.51
602.93,180.95
602.93,180.94
646,180.95
86.133,181.57
86.133,181.66
129.2,181.79
602.93,182.21
646,182.22
646,182.21
646,182.9
516.8,182.64
516.8,182.64
86.133,183.01
86.133,183.09
86.133,183.05
86.133,183.53
86.133,183.54
86.133,183.56
602.93,184.16
602.93,184.16
602.93,184.19
172.27,184.44
172.27,184.66
172.27,184.53
172.27,185.02
215.33,185.09
215.33,184.95
215.33,185.55
215.33,185.56
215.33,185.47
172.27,186.18
172.27,186.26
172.27,186.15
172.27,186.8
172.27,186.53
172.27,186.7
129.2,187.03
129.2,187.44
129.2,187.03
129.2,187.89
129.2,187.99
129.2,187.94
129.2,188.22
129.2,188.06
129.2,188.15
129.2,188.76
129.2,188.86
129.2,188.53
129.2,189.4
129.2,189.09
129.2,189.17
129.2,189.63
215.33,189.54
215.33,189.65
129.2,190.25
129.2,190.27
129.2,190.17
129.2,190.89
129.2,190.89
129.2,190.96
86.133,191.33
129.2,191.34
86.133,191.33
129.2,191.67
172.27,191.67
172.27,191.68
215.33,192.27
387.6,192.12
387.6,192.11
215.33,192.81
215.33,192.73
215.33,192.81
215.33,193.43
215.33,193.24
215.33,193.32
215.33,193.7
215.33,193.66
215.33,193.67
129.2,194.59
172.27,194.41
172.27,194.46
215.33,194.95
129.2,195
129.2,195.08
129.2,195.46
129.2,195.23
129.2,195.18
215.33,196.06
129.2,195.87
215.33,196.08
258.4,196.43
258.4,196.45
258.4,196.41
215.33,196.74
215.33,196.71
215.33,196.8
129.2,197.7
215.33,197.22
129.2,197.69
258.4,197.72
129.2,197.71
258.4,197.74
172.27,198.43
172.27,198.42
172.27,198.4
258.4,199.21
258.4,199.24
258.4,199.23
258.4,199.27
258.4,199.25
258.4,199.3
172.27,199.83
172.27,199.86
172.27,199.89
129.2,200.73
129.2,200.74
172.27,200.28
129.2,200.83
129.2,200.82
129.2,200.99
172.27,201.29
172.27,201.32
129.2,201.29
172.27,202.3
172.27,202.21
172.27,202.18
258.4,202.58
258.4,202.54
258.4,202.53
172.27,202.95
172.27,202.9
172.27,202.94
172.27,203.34
172.27,203.4
172.27,203.35
172.27,203.85
172.27,203.87
172.27,203.89
172.27,204.41
172.27,204.43
172.27,204.53
172.27,205.14
172.27,205.13
172.27,205.08
215.33,205.6
215.33,205.52
215.33,205.64
172.27,206
172.27,205.9
172.27,205.92
172.27,206.42
172.27,206.5
172.27,206.4
172.27,206.97
172.27,206.95
215.33,206.97
172.27,207.44
172.27,207.53
172.27,207.71
258.4,208.27
258.4,208.29
258.4,208.25
258.4,208.45
215.33,208.54
215.33,208.45
215.33,208.97
215.33,208.96
215.33,209.02
258.4,209.52
258.4,209.54
258.4,209.55
172.27,210.47
172.27,210.44
172.27,210.41
172.27,210.8
172.27,210.77
172.27,210.5
258.4,211.23
258.4,211.24
258.4,211.21
172.27,211.67
172.27,211.61
172.27,211.64
172.27,212.03
129.2,212.03
129.2,212.03
129.2,212.85
129.2,212.93
129.2,212.88
129.2,213.12
129.2,213.05
129.2,213.15
172.27,213.68
172.27,213.62
172.27,213.65
258.4,214.2
258.4,214.2
258.4,214.24
172.27,214.63
172.27,214.58
172.27,214.65
172.27,215.09
172.27,215.13
172.27,215.11
129.2,215.67
172.27,215.68
172.27,215.61
129.2,216.36
172.27,216.36
129.2,216.36
172.27,216.67
172.27,216.79
172.27,216.86
172.27,217.19
172.27,217.25
172.27,217.13
215.33,218.09
215.33,218.12
215.33,218.06
215.33,218.28
215.33,218.15
172.27,218.31
172.27,218.67
172.27,218.74
172.27,218.72
172.27,219.21
172.27,219.18
172.27,219.26
172.27,219.8
172.27,219.75
172.27,219.72
129.2,220.64
129.2,220.64
129.2,220.63
172.27,220.72
172.27,220.82
172.27,220.74
172.27,221.22
172.27,221.24
172.27,221.26
0,222.23
0,221.85
172.27,222.23
0,222.23
0,222.24
172.27,222.23
0,222.98
0,222.98
0,222.97
0,223.68
0,223.76
172.27,223.57
0,223.77
0,223.86
0,223.87
430.66,224.6
430.66,224.61
430.66,224.6
430.66,225.11
430.66,225.12
430.66,225.11
430.66,225.3
430.66,225.3
430.66,225.34
430.66,226.09
430.66,226.08
430.66,226.11
430.66,226.32
430.66,226.35
430.66,226.33
86.133,227.34
129.2,227.34
86.133,227.33
86.133,227.34
129.2,227.35
86.133,227.35
129.2,227.86
129.2,227.85
129.2,227.89
430.66,228.76
473.73,228.76
430.66,228.51
430.66,229.02
430.66,229.03
430.66,229.05
430.66,229.5
430.66,229.49
430.66,229.49
129.2,230.37
129.2,230.32
86.133,230.32
129.2,230.61
129.2,230.57
129.2,230.48
172.27,230.96
172.27,231.03
172.27,230.92
559.86,231.71
559.86,231.71
516.8,231.71
516.8,231.98
516.8,231.99
516.8,231.98
516.8,232.5
516.8,232.49
516.8,232.5
86.133,233.37
86.133,233.39
86.133,233.42
86.133,233.49
86.133,233.47
86.133,233.55
473.73,233.98
473.73,233.99
473.73,234
516.8,234.97
516.8,234.99
516.8,234.99
516.8,235.13
516.8,235.09
516.8,235.16
473.73,235.54
301.46,235.92
473.73,235.52
430.66,236.48
430.66,236.49
430.66,236.47
430.66,236.61
430.66,236.55
430.66,236.56
430.66,237.42
430.66,237.41
430.66,237.42
430.66,237.93
430.66,237.94
430.66,237.96
430.66,238.42
430.66,238.42
430.66,238.44
430.66,238.88
430.66,238.87
430.66,238.97
86.133,239.26
86.133,239.31
86.133,239.23
344.53,239.89
344.53,239.89
344.53,239.9
344.53,240.36
344.53,240.36
344.53,240.38
387.6,240.88
387.6,240.72
344.53,240.67
344.53,241.39
344.53,241.41
344.53,241.38
344.53,242.13
344.53,241.87
344.53,241.88
86.133,242.16
86.133,242.19
86.133,242.18
129.2,242.68
129.2,242.72
129.2,242.74
559.86,243.58
516.8,243.3
559.86,243.61
516.8,243.7
516.8,243.73
516.8,243.8
516.8,244.3
516.8,244.29
516.8,244.3
86.133,245.19
86.133,245.18
86.133,245.16
86.133,245.23
86.133,245.24
86.133,245.26
473.73,245.77
473.73,245.77
172.27,245.76
516.8,246.74
516.8,246.74
559.86,246.49
473.73,247.21
516.8,246.96
516.8,246.93
473.73,247.3
473.73,247.27
473.73,247.3
86.133,247.99
86.133,247.98
430.66,248.21
430.66,248.66
430.66,248.65
430.66,248.66
430.66,248.8
430.66,248.82
129.2,249.13
430.66,249.61
430.66,249.63
430.66,249.63
430.66,250.07
430.66,250.07
129.2,250.11
129.2,250.79
129.2,250.82
129.2,250.81
129.2,251.04
129.2,251.12
129.2,251.09
129.2,251.62
430.66,251.48
430.66,251.49
129.2,252.29
129.2,252.21
129.2,252.24
129.2,252.43
129.2,252.46
129.2,252.45
129.2,253.04
129.2,253.18
129.2,253.01
86.133,253.72
86.133,253.72
129.2,253.84
129.2,253.92
129.2,253.94
86.133,253.92
172.27,254.58
172.27,254.71
172.27,254.64
129.2,255.29
129.2,255.25
129.2,255.31
516.8,255.72
516.8,255.72
516.8,255.73
86.133,256.46
86.133,256.43
86.133,256.45
86.133,256.5
86.133,256.53
86.133,256.46
473.73,257.06
473.73,257.07
129.2,257.16
86.133,257.96
86.133,257.97
86.133,257.97
86.133,258.01
86.133,258.01
86.133,258
129.2,258.5
129.2,258.53
473.73,258.53
430.66,259.41
430.66,259.4
430.66,259.51
430.66,259.85
430.66,259.84
387.6,259.85
430.66,260.54
473.73,260.55
430.66,260.55
430.66,260.6
473.73,260.6
430.66,260.64
430.66,261.24
430.66,261.23
430.66,261.25
129.2,261.93
430.66,261.71
430.66,261.67
344.53,262.18
344.53,262.18
344.53,262.19
344.53,262.64
344.53,262.64
344.53,262.69
129.2,263.54
344.53,263.11
86.133,263.54
344.53,264.01
344.53,264.02
344.53,264.04
344.53,264.12
344.53,264.13
344.53,264.14
86.133,264.92
86.133,264.93
129.2,264.95
129.2,265.17
129.2,265.15
516.8,265.38
129.2,266.09
129.2,266.11
129.2,266.16
129.2,266.3
129.2,266.24
129.2,266.28
516.8,266.72
516.8,266.73
129.2,266.68
86.133,267.64
86.133,267.69
86.133,267.63
86.133,267.71
86.133,267.71
86.133,267.74
129.2,268.21
129.2,268.54
172.27,268.57
86.133,268.99
86.133,269
86.133,268.84
129.2,269.5
129.2,269.55
129.2,269.53
430.66,270.15
430.66,270.15
86.133,270.2
344.53,270.61
344.53,270.62
344.53,270.63
344.53,271.26
344.53,271.26
344.53,271.25
344.53,271.28
344.53,271.33
344.53,271.28
430.66,272.1
430.66,272.11
430.66,272.1
387.6,272.55
129.2,272.76
344.53,272.53
344.53,273.2
344.53,273.27
344.53,273.22
387.6,273.43
430.66,273.42
430.66,273.43
86.133,274.1
129.2,274.1
344.53,273.84
86.133,274.51
86.133,274.39
86.133,274.42
344.53,275.13
344.53,275.15
344.53,275.12
129.2,275.37
86.133,275.37
86.133,275.38
172.27,276.24
172.27,276.29
172.27,276.31
646,276.61
646,276.63
602.93,276.61
172.27,277.06
172.27,277.1
172.27,277.08
430.66,277.86
86.133,277.91
430.66,277.66
86.133,278.11
86.133,278.14
86.133,278.13
129.2,278.61
129.2,278.56
129.2,278.63
86.133,279.35
86.133,279.36
86.133,279.38
129.2,279.81
129.2,279.92
129.2,279.89
129.2,280.43
129.2,280.32
129.2,280.33
344.53,280.86
344.53,280.87
344.53,280.89
344.53,281.48
344.53,281.49
387.6,281.07
344.53,281.49
344.53,281.51
344.53,281.51
387.6,282.41
387.6,282.33
430.66,282.33
387.6,282.77
129.2,282.97
387.6,282.98
344.53,283.39
344.53,283.4
344.53,283.39
387.6,284.01
344.53,284.02
344.53,284.03
129.2,284.25
129.2,284.34
129.2,284.28
129.2,284.55
129.2,284.58
129.2,284.58
129.2,285.5
344.53,285.26
344.53,285.29
86.133,285.64
86.133,285.58
86.133,285.63
129.2,286.13
129.2,286.12
129.2,286.09
129.2,286.84
129.2,286.8
129.2,286.88
129.2,287.14
129.2,287.12
129.2,287.16
86.133,288.13
86.133,288.06
86.133,288.06
86.133,288.29
86.133,288.31
86.133,288.26
129.2,289.13
129.2,289.11
129.2,289.08
86.133,289.45
86.133,289.48
86.133,289.43
129.2,289.91
129.2,289.96
129.2,289.89
129.2,290.38
818.26,290.49
129.2,290.35
775.2,291.11
775.2,291.12
775.2,291.11
129.2,291.32
775.2,291.2
775.2,291.2
129.2,291.76
129.2,291.75
129.2,291.76
646,292.36
646,292.35
646,292.36
86.133,293.06
129.2,293.06
86.133,293.06
129.2,293.29
646,293.58
646,293.58
129.2,294.2
172.27,294.01
172.27,294.08
86.133,294.5
86.133,294.42
86.133,294.53
129.2,295.26
602.93,294.83
646,294.84
818.26,295.44
818.26,295.46
818.26,295.45
775.2,295.88
775.2,295.87
775.2,295.87
129.2,296.71
129.2,296.69
129.2,296.7
129.2,296.95
129.2,296.98
129.2,297.04
129.2,297.52
129.2,297.51
129.2,297.55
602.93,297.94
646,297.94
646,297.94
646,298.56
602.93,298.56
646,298.57
86.133,299.26
86.133,299.26
86.133,299.27
86.133,299.46
86.133,299.37
86.133,299.45
818.26,300.39
861.33,300.39
129.2,300.28
818.26,300.4
818.26,300.39
818.26,300.44
775.2,301.03
775.2,301.02
775.2,301.04
129.2,301.64
129.2,301.66
86.133,301.64
646,302.24
646,302.25
602.93,302.24
129.2,302.46
86.133,302.94
86.133,302.94
129.2,303.06
86.133,303.06
86.133,303.06
646,303.48
646,303.47
602.93,303.47
86.133,304.42
86.133,304.39
86.133,304.31
646,304.72
86.133,304.49
86.133,304.48
818.26,305.32
818.26,305.32
818.26,305.34
775.2,305.77
775.2,305.77
775.2,305.76
129.2,306.11
129.2,306.12
129.2,306.14
129.2,306.61
129.2,306.85
129.2,306.64
602.93,307.19
646,307.2
646,307.19
86.133,307.83
86.133,307.84
129.2,307.86
646,308.45
646,308.44
646,308.45
172.27,308.83
172.27,308.94
172.27,308.98
86.133,309.43
86.133,309.31
86.133,309.41
129.2,309.91
129.2,309.83
129.2,309.93
129.2,310.1
775.2,310.13
775.2,310.14
172.27,310.85
129.2,311.08
172.27,310.84
129.2,311.14
129.2,311.16
129.2,311.19
215.33,312.14
215.33,312.13
215.33,312.09
215.33,312.18
215.33,312.19
215.33,312.15
215.33,312.65
215.33,312.66
215.33,312.67
129.2,313.52
129.2,313.45
129.2,313.53
129.2,313.73
129.2,313.68
129.2,313.75
129.2,314.68
129.2,314.63
129.2,314.65
129.2,315.07
129.2,314.81
129.2,315.09
129.2,315.37
129.2,315.25
129.2,315.45
129.2,315.78
129.2,315.76
129.2,315.86
129.2,316.24
129.2,316.32
129.2,316.27
301.46,317.21
258.4,316.96
301.46,317.2
301.46,317.27
301.46,317.32
301.46,317.25
215.33,318.21
258.4,318.25
215.33,318.22
215.33,318.29
258.4,318.31
215.33,318.28
129.2,319.11
129.2,318.9
129.2,319.2
129.2,319.38
129.2,319.44
129.2,319.56
129.2,320.28
129.2,319.98
129.2,320.31
129.2,320.67
129.2,320.69
129.2,320.59
129.2,320.89
129.2,321
129.2,320.84
129.2,321.46
129.2,321.53
129.2,321.38
129.2,322.33
473.73,322.32
473.73,322.33
86.133,322.4
129.2,322.4
129.2,322.4
344.53,323.21
344.53,323.22
344.53,323.23
430.66,323.42
430.66,323.41
430.66,323.42
430.66,324.03
473.73,324.03
473.73,324.03
344.53,324.46
344.53,324.46
344.53,324.49
344.53,325.09
129.2,325.35
129.2,325.38
129.2,325.63
129.2,325.46
129.2,325.54
430.66,326
430.66,326.01
430.66,326.02
473.73,326.7
473.73,326.7
473.73,326.71
516.8,327.37
516.8,327.37
516.8,327.38
516.8,327.49
516.8,327.49
516.8,327.56
86.133,328.42
86.133,328.45
86.133,328.48
473.73,328.72
86.133,328.74
129.2,328.75
129.2,329.11
129.2,329.16
129.2,329.09
430.66,329.73
430.66,329.73
387.6,329.73
344.53,330.16
344.53,330.19
473.73,330.39
344.53,330.81
344.53,330.82
344.53,330.84
344.53,331.48
344.53,331.51
344.53,331.51
129.2,331.95
129.2,331.86
129.2,331.77
430.66,332.38
430.66,332.38
129.2,332.12
344.53,332.87
344.53,332.86
344.53,332.88
473.73,333.12
430.66,333.12
473.73,333.13
344.53,333.68
344.53,333.7
344.53,333.75
86.133,334.61
86.133,334.62
86.133,334.59
86.133,334.79
86.133,334.79
86.133,334.9
86.133,335.28
86.133,335.16
86.133,335.34
86.133,335.68
86.133,335.8
86.133,335.82
86.133,336.17
129.2,336.17
129.2,336.32
86.133,337.07
86.133,337.06
129.2,337.07
129.2,337.22
172.27,337.17
172.27,337.33
430.66,338.08
430.66,338.09
387.6,338.08
430.66,338.22
430.66,338.22
430.66,338.21
344.53,339.16
473.73,338.73
344.53,339.19
516.8,339.38
516.8,339.39
516.8,339.39
129.2,340.2
129.2,340.23
129.2,340.21
129.2,340.29
129.2,340.32
129.2,340.26
387.6,340.83
430.66,340.84
430.66,340.83
344.53,341.4
473.73,341.76
344.53,341.46
473.73,341.82
473.73,341.78
473.73,341.84
344.53,342.65
344.53,342.66
344.53,342.68
344.53,342.81
344.53,342.81
344.53,342.79
86.133,343.64
86.133,343.35
86.133,343.32
86.133,343.81
86.133,343.96
86.133,343.9
86.133,344.36
86.133,344.33
86.133,344.44
129.2,344.85
86.133,344.85
129.2,344.9
430.66,345.4
430.66,345.4
430.66,345.41
430.66,345.86
430.66,345.86
430.66,345.87
86.133,346.42
86.133,346.62
86.133,346.65
86.133,347.12
86.133,346.94
86.133,346.88
86.133,347.49
86.133,347.6
86.133,347.49
86.133,347.95
86.133,348.03
129.2,348.31
129.2,348.65
129.2,348.43
129.2,348.71
86.133,349.43
86.133,349.23
86.133,349.43
86.133,349.86
86.133,349.83
86.133,349.69
86.133,350.41
86.133,350.09
86.133,350.44
86.133,350.49
86.133,350.55
86.133,350.9
86.133,351.34
86.133,351.05
86.133,351.04
86.133,351.48
86.133,351.51
86.133,351.6
86.133,352.46
86.133,352.08
86.133,352.47
86.133,352.81
86.133,352.98
86.133,352.95
86.133,353.22
86.133,353.13
86.133,353.19
86.133,353.99
86.133,353.77
86.133,353.94
86.133,354.23
86.133,354.2
86.133,354.06
86.133,354.69
86.133,354.55
86.133,354.63
129.2,355.36
129.2,355.35
129.2,355.39
86.133,355.63
86.133,355.63
86.133,355.66
43.066,356.46
0,356.44
0,356.46
0,356.86
0,356.78
0,356.94
86.133,357.54
86.133,357.37
86.133,357.54
